Date,"Volatility of Returns (Session:All day, Interval:1h, Symbol:ZN)",ZScore wrt All Days,ZScore wrt Given Days
2022-12-20,7.5,-0.21405144862510733,-0.21405144862510733
2022-12-21,11.0,0.4680751367579692,0.4680751367579692
2022-12-27,12.75,0.8091384294495074,0.8091384294495074
2022-12-28,9.0,0.07828851653906832,0.07828851653906832
2022-12-29,6.5,-0.40894475873455777,-0.40894475873455777
2022-12-30,9.25,0.12701184406643093,0.12701184406643093
2023-01-03,9.25,0.12701184406643093,0.12701184406643093
2023-01-04,7.0,-0.31149810367983255,-0.31149810367983255
2023-01-05,10.25,0.3219051541758814,0.3219051541758814
2023-01-08,2.75,-1.139794671644997,-1.139794671644997
2023-01-09,11.25,0.5167984642853318,0.5167984642853318
2023-01-10,11.5,0.5655217918126944,0.5655217918126944
2023-01-11,8.5,-0.019158138515656894,-0.019158138515656894
2023-01-13,11.75,0.614245119340057,0.614245119340057
2023-01-15,3.0,-1.0910713441176343,-1.0910713441176343
2023-01-17,13.25,0.9065850845042327,0.9065850845042327
2023-01-19,13.5,0.9553084120315952,0.9553084120315952
2023-01-20,11.0,0.4680751367579692,0.4680751367579692
2023-01-22,3.0,-1.0910713441176343,-1.0910713441176343
2023-01-23,10.0,0.27318182664851876,0.27318182664851876
2023-01-24,11.25,0.5167984642853318,0.5167984642853318
2023-01-25,7.75,-0.16532812109774472,-0.16532812109774472
2023-01-29,3.75,-0.9449013615355465,-0.9449013615355465
2023-01-30,9.75,0.22445849912115615,0.22445849912115615
2023-01-31,7.75,-0.16532812109774472,-0.16532812109774472
2023-02-01,16.5,1.5399883423599465,1.5399883423599465
2023-02-02,11.0,0.4680751367579692,0.4680751367579692
2023-02-05,4.25,-0.8474547064808212,-0.8474547064808212
2023-02-06,16.0,1.4425416873052213,1.4425416873052213
2023-02-07,11.25,0.5167984642853318,0.5167984642853318
2023-02-08,6.5,-0.40894475873455777,-0.40894475873455777
2023-02-09,13.0,0.8578617569768701,0.8578617569768701
2023-02-10,9.5,0.17573517159379354,0.17573517159379354
2023-02-12,2.75,-1.139794671644997,-1.139794671644997
2023-02-13,6.25,-0.45766808626192035,-0.45766808626192035
2023-02-15,10.25,0.3219051541758814,0.3219051541758814
2023-02-17,13.0,0.8578617569768701,0.8578617569768701
2023-02-19,3.25,-1.0423480165902717,-1.0423480165902717
2023-02-21,14.25,1.101478394613683,1.101478394613683
2023-02-22,7.5,-0.21405144862510733,-0.21405144862510733
2023-02-26,3.0,-1.0910713441176343,-1.0910713441176343
2023-02-27,17.25,1.6861583249420344,1.6861583249420344
2023-02-28,15.75,1.3938183597778588,1.3938183597778588
2023-03-01,20.75,2.368284910325111,2.368284910325111
2023-03-02,15.5,1.3450950322504962,1.3450950322504962
2023-03-03,15.5,1.3450950322504962,1.3450950322504962
2023-03-05,10.5,0.370628481703244,0.370628481703244
2023-03-06,15.75,1.3938183597778588,1.3938183597778588
2023-03-07,12.25,0.7116917743947823,0.7116917743947823
2023-03-08,12.25,0.7116917743947823,0.7116917743947823
2023-03-09,27.25,3.6350914260365386,3.6350914260365386
2023-03-12,21.5,2.5144548929071986,2.5144548929071986
2023-03-13,36.0,5.34040788949423,5.34040788949423
2023-03-16,31.75,4.512111321529066,4.512111321529066
2023-03-17,27.75,3.732538081091264,3.732538081091264
2023-03-19,13.75,1.004031739558958,1.004031739558958
2023-03-20,31.25,4.414664666474341,4.414664666474341
2023-03-21,22.25,2.6606248754892867,2.6606248754892867
2023-03-22,28.75,3.9274313912007144,3.9274313912007144
2023-03-23,19.5,2.124668272688298,2.124668272688298
2023-03-24,18.0,1.8323283075241221,1.8323283075241221
2023-03-26,5.0,-0.7012847238987334,-0.7012847238987334
2023-03-27,20.5,2.3195615827977485,2.3195615827977485
2023-03-28,11.25,0.5167984642853318,0.5167984642853318
2023-03-29,10.5,0.370628481703244,0.370628481703244
2023-04-02,6.5,-0.40894475873455777,-0.40894475873455777
2023-04-03,17.75,1.7836049799967597,1.7836049799967597
2023-04-04,19.25,2.075944945160935,2.075944945160935
2023-04-05,14.75,1.1989250496684083,1.1989250496684083
2023-04-06,9.0,0.07828851653906832,0.07828851653906832
2023-04-09,2.25,-1.2372413266997222,-1.2372413266997222
2023-04-10,9.75,0.22445849912115615,0.22445849912115615
2023-04-11,9.0,0.07828851653906832,0.07828851653906832
2023-04-14,16.0,1.4425416873052213,1.4425416873052213
2023-04-16,2.5,-1.1885179991723596,-1.1885179991723596
2023-04-17,11.5,0.5655217918126944,0.5655217918126944
2023-04-18,6.75,-0.36022143120719513,-0.36022143120719513
2023-04-19,8.0,-0.11660479357038211,-0.11660479357038211
2023-04-20,9.0,0.07828851653906832,0.07828851653906832
2023-04-21,9.25,0.12701184406643093,0.12701184406643093
2023-04-23,1.75,-1.3346879817544473,-1.3346879817544473
2023-04-24,11.25,0.5167984642853318,0.5167984642853318
2023-04-25,12.5,0.7604151019221448,0.7604151019221448
2023-04-26,10.25,0.3219051541758814,0.3219051541758814
2023-04-30,3.5,-0.993624689062909,-0.993624689062909
2023-05-01,15.25,1.2963717047231336,1.2963717047231336
2023-05-02,19.5,2.124668272688298,2.124668272688298
2023-05-03,20.0,2.222114927743023,2.222114927743023
2023-05-04,16.5,1.5399883423599465,1.5399883423599465
2023-05-07,3.5,-0.993624689062909,-0.993624689062909
2023-05-08,11.0,0.4680751367579692,0.4680751367579692
2023-05-09,6.5,-0.40894475873455777,-0.40894475873455777
2023-05-12,13.004028320312273,0.85864684965671,0.85864684965671
2023-05-14,2.0,-1.2859646542270846,-1.2859646542270846
2023-05-15,5.25,-0.6525613963713708,-0.6525613963713708
2023-05-16,13.75,1.004031739558958,1.004031739558958
2023-05-17,9.75,0.22445849912115615,0.22445849912115615
2023-05-18,13.0,0.8578617569768701,0.8578617569768701
2023-05-19,12.25,0.7116917743947823,0.7116917743947823
2023-05-21,3.75,-0.9449013615355465,-0.9449013615355465
2023-05-22,9.75,0.22445849912115615,0.22445849912115615
2023-05-23,9.75,0.22445849912115615,0.22445849912115615
2023-05-24,11.0,0.4680751367579692,0.4680751367579692
2023-05-28,4.75,-0.7500080514260961,-0.7500080514260961
2023-05-30,26.0,3.3914747883997256,3.3914747883997256
2023-05-31,7.75,-0.16532812109774472,-0.16532812109774472
2023-06-01,13.0,0.8578617569768701,0.8578617569768701
2023-06-04,3.5,-0.993624689062909,-0.993624689062909
2023-06-05,11.0,0.4680751367579692,0.4680751367579692
2023-06-06,10.0,0.27318182664851876,0.27318182664851876
2023-06-07,16.5,1.5399883423599465,1.5399883423599465
2023-06-08,13.5,0.9553084120315952,0.9553084120315952
2023-06-09,8.25,-0.0678814660430195,-0.0678814660430195
2023-06-11,3.25,-1.0423480165902717,-1.0423480165902717
2023-06-12,9.5,0.17573517159379354,0.17573517159379354
2023-06-15,17.0,1.6374349974146718,1.6374349974146718
2023-06-16,11.25,0.5167984642853318,0.5167984642853318
2023-06-18,2.0,-1.2859646542270846,-1.2859646542270846
2023-06-20,10.75,0.4193518092306066,0.4193518092306066
2023-06-21,9.0,0.07828851653906832,0.07828851653906832
2023-06-22,11.75,0.614245119340057,0.614245119340057
2023-06-23,12.75,0.8091384294495074,0.8091384294495074
2023-06-25,2.25,-1.2372413266997222,-1.2372413266997222
2023-06-26,6.75,-0.36022143120719513,-0.36022143120719513
2023-06-27,10.25,0.3219051541758814,0.3219051541758814
2023-06-28,7.5,-0.21405144862510733,-0.21405144862510733
2023-07-02,2.5,-1.1885179991723596,-1.1885179991723596
2023-07-03,10.0,0.27318182664851876,0.27318182664851876
2023-07-05,15.0,1.247648377195771,1.247648377195771
2023-07-06,16.25,1.491265014832584,1.491265014832584
2023-07-09,3.0,-1.0910713441176343,-1.0910713441176343
2023-07-10,13.5,0.9553084120315952,0.9553084120315952
2023-07-11,6.0,-0.506391413789283,-0.506391413789283
2023-07-14,9.5,0.17573517159379354,0.17573517159379354
2023-07-16,3.0,-1.0910713441176343,-1.0910713441176343
2023-07-17,8.0,-0.11660479357038211,-0.11660479357038211
2023-07-18,9.5,0.17573517159379354,0.17573517159379354
2023-07-19,8.75,0.02956518901170571,0.02956518901170571
2023-07-20,14.0,1.0527550670863204,1.0527550670863204
2023-07-21,5.75,-0.5551147413166456,-0.5551147413166456
2023-07-23,2.5,-1.1885179991723596,-1.1885179991723596
2023-07-24,10.75,0.4193518092306066,0.4193518092306066
2023-07-25,7.25,-0.2627747761524699,-0.2627747761524699
2023-07-26,8.25,-0.0678814660430195,-0.0678814660430195
2023-07-30,4.5,-0.7987313789534586,-0.7987313789534586
2023-07-31,9.0,0.07828851653906832,0.07828851653906832
2023-08-01,10.75,0.4193518092306066,0.4193518092306066
2023-08-02,12.25,0.7116917743947823,0.7116917743947823
2023-08-03,8.0,-0.11660479357038211,-0.11660479357038211
2023-08-06,3.5,-0.993624689062909,-0.993624689062909
2023-08-07,8.5,-0.019158138515656894,-0.019158138515656894
2023-08-08,8.0,-0.11660479357038211,-0.11660479357038211
2023-08-09,5.5,-0.6038380688440081,-0.6038380688440081
2023-08-13,3.5,-0.993624689062909,-0.993624689062909
2023-08-14,8.75,0.02956518901170571,0.02956518901170571
2023-08-15,13.75,1.004031739558958,1.004031739558958
2023-08-16,14.75,1.1989250496684083,1.1989250496684083
2023-08-17,9.25,0.12701184406643093,0.12701184406643093
2023-08-18,6.75,-0.36022143120719513,-0.36022143120719513
2023-08-20,4.25,-0.8474547064808212,-0.8474547064808212
2023-08-21,10.2559814453125,0.32307089785207316,0.32307089785207316
2023-08-22,6.5,-0.40894475873455777,-0.40894475873455777
2023-08-23,13.5,0.9553084120315952,0.9553084120315952
2023-08-24,8.5,-0.019158138515656894,-0.019158138515656894
2023-08-25,6.5,-0.40894475873455777,-0.40894475873455777
2023-08-27,3.25,-1.0423480165902717,-1.0423480165902717
2023-08-28,8.0,-0.11660479357038211,-0.11660479357038211
2023-08-29,15.75,1.3938183597778588,1.3938183597778588
2023-09-03,8.75,0.02956518901170571,0.02956518901170571
2023-09-05,13.25,0.9065850845042327,0.9065850845042327
2023-09-06,14.75,1.1989250496684083,1.1989250496684083
2023-09-07,16.5,1.5399883423599465,1.5399883423599465
2023-09-08,13.0,0.8578617569768701,0.8578617569768701
2023-09-10,8.5,-0.019158138515656894,-0.019158138515656894
2023-09-11,9.5,0.17573517159379354,0.17573517159379354
2023-09-12,8.75,0.02956518901170571,0.02956518901170571
2023-09-15,11.5,0.5655217918126944,0.5655217918126944
2023-09-17,9.0,0.07828851653906832,0.07828851653906832
2023-09-18,11.0,0.4680751367579692,0.4680751367579692
2023-09-19,7.75,-0.16532812109774472,-0.16532812109774472
2023-09-20,16.5,1.5399883423599465,1.5399883423599465
2023-09-21,8.0,-0.11660479357038211,-0.11660479357038211
2023-09-22,8.0,-0.11660479357038211,-0.11660479357038211
2023-09-24,3.5,-0.993624689062909,-0.993624689062909
2023-09-25,9.75,0.22445849912115615,0.22445849912115615
2023-09-26,8.0,-0.11660479357038211,-0.11660479357038211
2023-09-27,16.75,1.5887116698873092,1.5887116698873092
2023-10-01,4.0,-0.8961780340081839,-0.8961780340081839
2023-10-02,10.75,0.4193518092306066,0.4193518092306066
2023-10-03,17.75,1.7836049799967597,1.7836049799967597
2023-10-04,18.75,1.97849829010621,1.97849829010621
2023-10-05,7.5,-0.21405144862510733,-0.21405144862510733
2023-10-08,9.0,0.07828851653906832,0.07828851653906832
2023-10-09,13.25,0.9065850845042327,0.9065850845042327
2023-10-10,10.5,0.370628481703244,0.370628481703244
2023-10-13,8.75,0.02956518901170571,0.02956518901170571
2023-10-15,4.25,-0.8474547064808212,-0.8474547064808212
2023-10-16,10.5,0.370628481703244,0.370628481703244
2023-10-17,15.75,1.3938183597778588,1.3938183597778588
2023-10-18,15.5,1.3450950322504962,1.3450950322504962
2023-10-19,6.25,-0.45766808626192035,-0.45766808626192035
2023-10-20,11.25,0.5167984642853318,0.5167984642853318
2023-10-22,5.5,-0.6038380688440081,-0.6038380688440081
2023-10-23,17.75,1.7836049799967597,1.7836049799967597
2023-10-24,9.75,0.22445849912115615,0.22445849912115615
2023-10-25,15.0,1.247648377195771,1.247648377195771
2023-10-29,4.25,-0.8474547064808212,-0.8474547064808212
2023-10-30,7.5,-0.21405144862510733,-0.21405144862510733
2023-10-31,12.75,0.8091384294495074,0.8091384294495074
2023-11-01,24.0,3.001688168180825,3.001688168180825
2023-11-02,12.75,0.8091384294495074,0.8091384294495074
2023-11-05,2.0,-1.2859646542270846,-1.2859646542270846
2023-11-06,10.75,0.4193518092306066,0.4193518092306066
2023-11-07,10.75,0.4193518092306066,0.4193518092306066
2023-11-08,11.25,0.5167984642853318,0.5167984642853318
2023-11-09,18.25,1.8810516350514848,1.8810516350514848
2023-11-10,10.5,0.370628481703244,0.370628481703244
2023-11-12,2.25,-1.2372413266997222,-1.2372413266997222
2023-11-13,7.5,-0.21405144862510733,-0.21405144862510733
2023-11-16,8.75,0.02956518901170571,0.02956518901170571
2023-11-17,10.75,0.4193518092306066,0.4193518092306066
2023-11-19,3.25,-1.0423480165902717,-1.0423480165902717
2023-11-20,9.0,0.07828851653906832,0.07828851653906832
2023-11-21,6.0,-0.506391413789283,-0.506391413789283
2023-11-22,10.75,0.4193518092306066,0.4193518092306066
2023-11-23,7.75,-0.16532812109774472,-0.16532812109774472
2023-11-24,2.0,-1.2859646542270846,-1.2859646542270846
2023-11-26,3.75,-0.9449013615355465,-0.9449013615355465
2023-11-27,12.25,0.7116917743947823,0.7116917743947823
2023-11-28,17.5,1.734881652469397,1.734881652469397
2023-12-01,17.5,1.734881652469397,1.734881652469397
2023-12-03,6.5,-0.40894475873455777,-0.40894475873455777
2023-12-04,7.5,-0.21405144862510733,-0.21405144862510733
2023-12-05,9.75,0.22445849912115615,0.22445849912115615
2023-12-06,10.5,0.370628481703244,0.370628481703244
2023-12-07,9.0,0.07828851653906832,0.07828851653906832
2023-12-10,2.25,-1.2372413266997222,-1.2372413266997222
2023-12-11,7.75,-0.16532812109774472,-0.16532812109774472
2023-12-14,10.75,0.4193518092306066,0.4193518092306066
2023-12-15,10.0,0.27318182664851876,0.27318182664851876
2023-12-17,3.0,-1.0910713441176343,-1.0910713441176343
2023-12-18,7.75,-0.16532812109774472,-0.16532812109774472
2023-12-19,5.5,-0.6038380688440081,-0.6038380688440081
2023-12-20,7.75,-0.16532812109774472,-0.16532812109774472
2023-12-26,3.25,-1.0423480165902717,-1.0423480165902717
2023-12-27,11.25,0.5167984642853318,0.5167984642853318
2023-12-28,6.75,-0.36022143120719513,-0.36022143120719513
2023-12-29,7.0,-0.31149810367983255,-0.31149810367983255
2024-01-02,6.75,-0.36022143120719513,-0.36022143120719513
2024-01-03,10.75,0.4193518092306066,0.4193518092306066
2024-01-04,11.75,0.614245119340057,0.614245119340057
2024-01-07,3.75,-0.9449013615355465,-0.9449013615355465
2024-01-08,11.0,0.4680751367579692,0.4680751367579692
2024-01-09,6.0,-0.506391413789283,-0.506391413789283
2024-01-10,7.0,-0.31149810367983255,-0.31149810367983255
2024-01-14,2.5,-1.1885179991723596,-1.1885179991723596
2024-01-16,10.5,0.370628481703244,0.370628481703244
2024-01-17,10.75,0.4193518092306066,0.4193518092306066
2024-01-18,10.0,0.27318182664851876,0.27318182664851876
2024-01-19,7.75,-0.16532812109774472,-0.16532812109774472
2024-01-21,3.75,-0.9449013615355465,-0.9449013615355465
2024-01-22,7.25,-0.2627747761524699,-0.2627747761524699
2024-01-23,6.5,-0.40894475873455777,-0.40894475873455777
2024-01-24,12.0,0.6629684468674196,0.6629684468674196
2024-01-28,2.75,-1.139794671644997,-1.139794671644997
2024-01-29,9.0,0.07828851653906832,0.07828851653906832
2024-01-30,8.25,-0.0678814660430195,-0.0678814660430195
2024-01-31,13.5,0.9553084120315952,0.9553084120315952
2024-02-01,14.5,1.1502017221410457,1.1502017221410457
2024-02-04,7.5,-0.21405144862510733,-0.21405144862510733
2024-02-05,11.5,0.5655217918126944,0.5655217918126944
2024-02-06,10.25,0.3219051541758814,0.3219051541758814
2024-02-07,7.75,-0.16532812109774472,-0.16532812109774472
2024-02-08,7.5,-0.21405144862510733,-0.21405144862510733
2024-02-11,1.75,-1.3346879817544473,-1.3346879817544473
2024-02-12,5.0,-0.7012847238987334,-0.7012847238987334
2024-02-15,8.5,-0.019158138515656894,-0.019158138515656894
2024-02-18,2.0,-1.2859646542270846,-1.2859646542270846
2024-02-20,7.5,-0.21405144862510733,-0.21405144862510733
2024-02-21,8.75,0.02956518901170571,0.02956518901170571
2024-02-22,7.0,-0.31149810367983255,-0.31149810367983255
2024-02-23,11.0,0.4680751367579692,0.4680751367579692
2024-02-25,4.25,-0.8474547064808212,-0.8474547064808212
2024-02-26,9.0,0.07828851653906832,0.07828851653906832
2024-02-27,6.5,-0.40894475873455777,-0.40894475873455777
2024-03-01,22.25,2.6606248754892867,2.6606248754892867
2024-03-03,2.75,-1.139794671644997,-1.139794671644997
2024-03-04,4.5,-0.7987313789534586,-0.7987313789534586
2024-03-05,8.25,-0.0678814660430195,-0.0678814660430195
2024-03-06,10.25,0.3219051541758814,0.3219051541758814
2024-03-07,7.5,-0.21405144862510733,-0.21405144862510733
2024-03-10,3.5,-0.993624689062909,-0.993624689062909
2024-03-11,7.0,-0.31149810367983255,-0.31149810367983255
2024-03-13,7.75,-0.16532812109774472,-0.16532812109774472
2024-03-15,6.0,-0.506391413789283,-0.506391413789283
2024-03-17,3.0,-1.0910713441176343,-1.0910713441176343
2024-03-18,6.5,-0.40894475873455777,-0.40894475873455777
2024-03-19,5.75,-0.5551147413166456,-0.5551147413166456
2024-03-20,6.25,-0.45766808626192035,-0.45766808626192035
2024-03-21,9.0,0.07828851653906832,0.07828851653906832
2024-03-22,5.0,-0.7012847238987334,-0.7012847238987334
2024-03-24,2.75,-1.139794671644997,-1.139794671644997
2024-03-25,5.5,-0.6038380688440081,-0.6038380688440081
2024-03-26,4.75,-0.7500080514260961,-0.7500080514260961
2024-03-27,5.75,-0.5551147413166456,-0.5551147413166456
2024-03-31,2.5,-1.1885179991723596,-1.1885179991723596
2024-04-01,16.75,1.5887116698873092,1.5887116698873092
2024-04-02,10.0,0.27318182664851876,0.27318182664851876
2024-04-03,10.0,0.27318182664851876,0.27318182664851876
2024-04-04,9.0,0.07828851653906832,0.07828851653906832
2024-04-07,2.75,-1.139794671644997,-1.139794671644997
2024-04-08,5.5,-0.6038380688440081,-0.6038380688440081
2024-04-09,6.75,-0.36022143120719513,-0.36022143120719513
2024-04-12,10.75,0.4193518092306066,0.4193518092306066
2024-04-14,5.75,-0.5551147413166456,-0.5551147413166456
2024-04-15,13.25,0.9065850845042327,0.9065850845042327
2024-04-16,8.75,0.02956518901170571,0.02956518901170571
2024-04-17,12.75,0.8091384294495074,0.8091384294495074
2024-04-18,17.0,1.6374349974146718,1.6374349974146718
2024-04-19,9.0,0.07828851653906832,0.07828851653906832
2024-04-21,4.0,-0.8961780340081839,-0.8961780340081839
2024-04-22,6.5,-0.40894475873455777,-0.40894475873455777
2024-04-23,8.75,0.02956518901170571,0.02956518901170571
2024-04-24,5.0,-0.7012847238987334,-0.7012847238987334
2024-04-28,2.5,-1.1885179991723596,-1.1885179991723596
2024-04-29,6.25,-0.45766808626192035,-0.45766808626192035
2024-04-30,9.75,0.22445849912115615,0.22445849912115615
2024-05-01,13.0,0.8578617569768701,0.8578617569768701
2024-05-02,9.5,0.17573517159379354,0.17573517159379354
2024-05-05,1.5,-1.3834113092818099,-1.3834113092818099
2024-05-06,4.75,-0.7500080514260961,-0.7500080514260961
2024-05-07,6.0,-0.506391413789283,-0.506391413789283
2024-05-08,5.5,-0.6038380688440081,-0.6038380688440081
2024-05-09,7.75,-0.16532812109774472,-0.16532812109774472
2024-05-10,7.0,-0.31149810367983255,-0.31149810367983255
2024-05-12,1.25,-1.4321346368091725,-1.4321346368091725
2024-05-13,3.25,-1.0423480165902717,-1.0423480165902717
2024-05-16,8.25,-0.0678814660430195,-0.0678814660430195
2024-05-17,6.5040283203125,-0.4081596660546735,-0.4081596660546735
2024-05-19,2.0,-1.2859646542270846,-1.2859646542270846
2024-05-20,4.75,-0.7500080514260961,-0.7500080514260961
2024-05-21,5.0,-0.7012847238987334,-0.7012847238987334
2024-05-22,5.5,-0.6038380688440081,-0.6038380688440081
2024-05-23,10.0,0.27318182664851876,0.27318182664851876
2024-05-24,4.75,-0.7500080514260961,-0.7500080514260961
2024-05-26,1.25,-1.4321346368091725,-1.4321346368091725
2024-05-28,13.0,0.8578617569768701,0.8578617569768701
2024-05-29,7.75,-0.16532812109774472,-0.16532812109774472
2024-06-02,1.75,-1.3346879817544473,-1.3346879817544473
2024-06-03,12.0,0.6629684468674196,0.6629684468674196
2024-06-04,11.0,0.4680751367579692,0.4680751367579692
2024-06-05,9.0,0.07828851653906832,0.07828851653906832
2024-06-06,5.0,-0.7012847238987334,-0.7012847238987334
2024-06-09,2.25,-1.2372413266997222,-1.2372413266997222
2024-06-10,3.25,-1.0423480165902717,-1.0423480165902717
2024-06-11,7.0,-0.31149810367983255,-0.31149810367983255
2024-06-14,9.25,0.12701184406643093,0.12701184406643093
2024-06-16,2.75,-1.139794671644997,-1.139794671644997
2024-06-17,7.5,-0.21405144862510733,-0.21405144862510733
2024-06-18,9.75,0.22445849912115615,0.22445849912115615
2024-06-20,7.25,-0.2627747761524699,-0.2627747761524699
2024-06-21,6.75,-0.36022143120719513,-0.36022143120719513
2024-06-23,2.25,-1.2372413266997222,-1.2372413266997222
2024-06-24,5.25,-0.6525613963713708,-0.6525613963713708
2024-06-25,6.75,-0.36022143120719513,-0.36022143120719513
2024-06-26,9.25,0.12701184406643093,0.12701184406643093
2024-06-30,4.5,-0.7987313789534586,-0.7987313789534586
2024-07-01,10.75,0.4193518092306066,0.4193518092306066
2024-07-02,4.5,-0.7987313789534586,-0.7987313789534586
2024-07-03,7.75,-0.16532812109774472,-0.16532812109774472
2024-07-07,4.5,-0.7987313789534586,-0.7987313789534586
2024-07-08,5.25,-0.6525613963713708,-0.6525613963713708
2024-07-09,5.25,-0.6525613963713708,-0.6525613963713708
2024-07-10,4.5,-0.7987313789534586,-0.7987313789534586
2024-07-14,3.75,-0.9449013615355465,-0.9449013615355465
2024-07-15,4.5,-0.7987313789534586,-0.7987313789534586
2024-07-16,6.5,-0.40894475873455777,-0.40894475873455777
2024-07-17,5.25,-0.6525613963713708,-0.6525613963713708
2024-07-18,7.5,-0.21405144862510733,-0.21405144862510733
2024-07-19,7.25,-0.2627747761524699,-0.2627747761524699
2024-07-21,2.0,-1.2859646542270846,-1.2859646542270846
2024-07-22,7.25,-0.2627747761524699,-0.2627747761524699
2024-07-23,4.0,-0.8961780340081839,-0.8961780340081839
2024-07-24,8.25,-0.0678814660430195,-0.0678814660430195
2024-07-28,3.25,-1.0423480165902717,-1.0423480165902717
2024-07-29,4.25,-0.8474547064808212,-0.8474547064808212
2024-07-30,6.5,-0.40894475873455777,-0.40894475873455777
2024-07-31,13.25,0.9065850845042327,0.9065850845042327
2024-08-01,15.25,1.2963717047231336,1.2963717047231336
2024-08-04,12.75,0.8091384294495074,0.8091384294495074
2024-08-05,24.5,3.0991348232355502,3.0991348232355502
2024-08-06,11.25,0.5167984642853318,0.5167984642853318
2024-08-07,10.0,0.27318182664851876,0.27318182664851876
2024-08-08,14.5,1.1502017221410457,1.1502017221410457
2024-08-09,5.5,-0.6038380688440081,-0.6038380688440081
2024-08-11,2.5,-1.1885179991723596,-1.1885179991723596
2024-08-12,9.25,0.12701184406643093,0.12701184406643093
2024-08-15,14.25,1.101478394613683,1.101478394613683
2024-08-16,7.75,-0.16532812109774472,-0.16532812109774472
2024-08-18,2.5,-1.1885179991723596,-1.1885179991723596
2024-08-19,4.5,-0.7987313789534586,-0.7987313789534586
2024-08-20,10.25,0.3219051541758814,0.3219051541758814
2024-08-22,10.75,0.4193518092306066,0.4193518092306066
2024-08-23,8.25,-0.0678814660430195,-0.0678814660430195
2024-08-25,3.75,-0.9449013615355465,-0.9449013615355465
2024-08-26,7.0,-0.31149810367983255,-0.31149810367983255
2024-08-27,5.75,-0.5551147413166456,-0.5551147413166456
2024-08-28,13.0,0.8578617569768701,0.8578617569768701
2024-09-01,9.5,0.17573517159379354,0.17573517159379354
2024-09-03,18.75,1.97849829010621,1.97849829010621
2024-09-04,11.0,0.4680751367579692,0.4680751367579692
2024-09-05,15.0,1.247648377195771,1.247648377195771
2024-09-08,11.25,0.5167984642853318,0.5167984642853318
2024-09-09,14.5,1.1502017221410457,1.1502017221410457
2024-09-10,19.0,2.0272216176335727,2.0272216176335727
2024-09-13,12.5,0.7604151019221448,0.7604151019221448
2024-09-15,2.25,-1.2372413266997222,-1.2372413266997222
2024-09-16,10.25,0.3219051541758814,0.3219051541758814
2024-09-17,6.75,-0.36022143120719513,-0.36022143120719513
2024-09-18,11.25,0.5167984642853318,0.5167984642853318
2024-09-19,9.25,0.12701184406643093,0.12701184406643093
2024-09-20,7.5,-0.21405144862510733,-0.21405144862510733
2024-09-22,2.25,-1.2372413266997222,-1.2372413266997222
2024-09-23,6.5,-0.40894475873455777,-0.40894475873455777
2024-09-24,10.0,0.27318182664851876,0.27318182664851876
2024-09-25,7.0,-0.31149810367983255,-0.31149810367983255
2024-09-29,1.75,-1.3346879817544473,-1.3346879817544473
2024-09-30,7.75,-0.16532812109774472,-0.16532812109774472
2024-10-01,10.75,0.4193518092306066,0.4193518092306066
2024-10-02,7.75,-0.16532812109774472,-0.16532812109774472
2024-10-03,8.25,-0.0678814660430195,-0.0678814660430195
2024-10-06,3.25,-1.0423480165902717,-1.0423480165902717
2024-10-07,7.25,-0.2627747761524699,-0.2627747761524699
2024-10-08,6.75,-0.36022143120719513,-0.36022143120719513
2024-10-09,8.0,-0.11660479357038211,-0.11660479357038211
2024-10-13,1.5,-1.3834113092818099,-1.3834113092818099
2024-10-14,6.75,-0.36022143120719513,-0.36022143120719513
2024-10-15,7.0,-0.31149810367983255,-0.31149810367983255
2024-10-16,4.5,-0.7987313789534586,-0.7987313789534586
2024-10-17,7.5,-0.21405144862510733,-0.21405144862510733
2024-10-18,5.5,-0.6038380688440081,-0.6038380688440081
2024-10-20,2.0,-1.2859646542270846,-1.2859646542270846
2024-10-21,14.0,1.0527550670863204,1.0527550670863204
2024-10-22,7.75,-0.16532812109774472,-0.16532812109774472
2024-10-23,4.75,-0.7500080514260961,-0.7500080514260961
2024-10-24,6.5,-0.40894475873455777,-0.40894475873455777
2024-10-25,8.25,-0.0678814660430195,-0.0678814660430195
2024-10-27,6.0,-0.506391413789283,-0.506391413789283
2024-10-28,7.5,-0.21405144862510733,-0.21405144862510733
2024-10-29,11.25,0.5167984642853318,0.5167984642853318
2024-11-03,3.75,-0.9449013615355465,-0.9449013615355465
2024-11-04,6.25,-0.45766808626192035,-0.45766808626192035
2024-11-05,23.25,2.855518185598737,2.855518185598737
2024-11-06,10.75,0.4193518092306066,0.4193518092306066
2024-11-07,15.5,1.3450950322504962,1.3450950322504962
2024-11-08,7.0,-0.31149810367983255,-0.31149810367983255
2024-11-10,3.75,-0.9449013615355465,-0.9449013615355465
2024-11-11,6.25,-0.45766808626192035,-0.45766808626192035
2024-11-12,12.25,0.7116917743947823,0.7116917743947823
2024-11-15,10.5,0.370628481703244,0.370628481703244
2024-11-17,2.5,-1.1885179991723596,-1.1885179991723596
2024-11-18,9.25,0.12701184406643093,0.12701184406643093
2024-11-19,8.0,-0.11660479357038211,-0.11660479357038211
2024-11-20,5.5,-0.6038380688440081,-0.6038380688440081
2024-11-21,7.0,-0.31149810367983255,-0.31149810367983255
2024-11-22,5.0,-0.7012847238987334,-0.7012847238987334
2024-11-24,3.75,-0.9449013615355465,-0.9449013615355465
2024-11-25,11.5,0.5655217918126944,0.5655217918126944
2024-11-26,5.25,-0.6525613963713708,-0.6525613963713708
2024-11-29,5.75,-0.5551147413166456,-0.5551147413166456
2024-12-01,5.75,-0.5551147413166456,-0.5551147413166456
2024-12-02,10.25,0.3219051541758814,0.3219051541758814
2024-12-03,10.0,0.27318182664851876,0.27318182664851876
2024-12-04,12.25,0.7116917743947823,0.7116917743947823
2024-12-05,8.25,-0.0678814660430195,-0.0678814660430195
2024-12-08,4.0,-0.8961780340081839,-0.8961780340081839
2024-12-09,9.5,0.17573517159379354,0.17573517159379354
2024-12-10,9.5,0.17573517159379354,0.17573517159379354
2024-12-13,10.0,0.27318182664851876,0.27318182664851876
2024-12-15,1.75,-1.3346879817544473,-1.3346879817544473
2024-12-16,5.5,-0.6038380688440081,-0.6038380688440081
2024-12-17,7.25,-0.2627747761524699,-0.2627747761524699
2024-12-18,18.0,1.8323283075241221,1.8323283075241221
2024-12-22,1.75,-1.3346879817544473,-1.3346879817544473
2024-12-23,8.75,0.02956518901170571,0.02956518901170571
2024-12-24,4.5,-0.7987313789534586,-0.7987313789534586
2024-12-25,2.5,-1.1885179991723596,-1.1885179991723596
2024-12-26,8.0,-0.11660479357038211,-0.11660479357038211
2024-12-27,5.75,-0.5551147413166456,-0.5551147413166456
2024-12-29,1.5,-1.3834113092818099,-1.3834113092818099
2024-12-30,11.0,0.4680751367579692,0.4680751367579692
2024-12-31,7.75,-0.16532812109774472,-0.16532812109774472
2025-01-01,3.25,-1.0423480165902717,-1.0423480165902717
2025-01-02,8.5,-0.019158138515656894,-0.019158138515656894
2025-01-03,7.25,-0.2627747761524699,-0.2627747761524699
2025-01-05,3.5,-0.993624689062909,-0.993624689062909
2025-01-06,6.5,-0.40894475873455777,-0.40894475873455777
2025-01-07,9.25,0.12701184406643093,0.12701184406643093
2025-01-08,7.25,-0.2627747761524699,-0.2627747761524699
2025-01-09,4.75,-0.7500080514260961,-0.7500080514260961
2025-01-12,4.25,-0.8474547064808212,-0.8474547064808212
2025-01-13,5.0,-0.7012847238987334,-0.7012847238987334
2025-01-16,12.0,0.6629684468674196,0.6629684468674196
2025-01-17,7.2540283203125,-0.26198968347258567,-0.26198968347258567
2025-01-19,2.25,-1.2372413266997222,-1.2372413266997222
2025-01-20,13.75,1.004031739558958,1.004031739558958
2025-01-21,7.5,-0.21405144862510733,-0.21405144862510733
2025-01-22,7.0,-0.31149810367983255,-0.31149810367983255
2025-01-23,6.75,-0.36022143120719513,-0.36022143120719513
2025-01-24,6.25,-0.45766808626192035,-0.45766808626192035
2025-01-26,4.0,-0.8961780340081839,-0.8961780340081839
2025-01-27,11.25,0.5167984642853318,0.5167984642853318
2025-01-28,7.0,-0.31149810367983255,-0.31149810367983255
2025-01-29,9.5,0.17573517159379354,0.17573517159379354
2025-02-02,9.5,0.17573517159379354,0.17573517159379354
2025-02-03,8.0,-0.11660479357038211,-0.11660479357038211
2025-02-04,9.5,0.17573517159379354,0.17573517159379354
2025-02-05,11.25,0.5167984642853318,0.5167984642853318
2025-02-06,5.0,-0.7012847238987334,-0.7012847238987334
2025-02-09,2.75,-1.139794671644997,-1.139794671644997
2025-02-10,5.5,-0.6038380688440081,-0.6038380688440081
2025-02-11,6.25,-0.45766808626192035,-0.45766808626192035
2025-02-14,10.75,0.4193518092306066,0.4193518092306066
2025-02-16,2.75,-1.139794671644997,-1.139794671644997
2025-02-17,3.75,-0.9449013615355465,-0.9449013615355465
2025-02-18,6.25,-0.45766808626192035,-0.45766808626192035
2025-02-19,7.0,-0.31149810367983255,-0.31149810367983255
2025-02-20,5.0,-0.7012847238987334,-0.7012847238987334
2025-02-21,10.25,0.3219051541758814,0.3219051541758814
2025-02-23,1.5,-1.3834113092818099,-1.3834113092818099
2025-02-24,9.75,0.22445849912115615,0.22445849912115615
2025-02-25,11.0,0.4680751367579692,0.4680751367579692
2025-02-26,10.75,0.4193518092306066,0.4193518092306066
2025-03-02,3.0,-1.0910713441176343,-1.0910713441176343
2025-03-03,17.0,1.6374349974146718,1.6374349974146718
2025-03-04,19.0,2.0272216176335727,2.0272216176335727
2025-03-05,16.75,1.5887116698873092,1.5887116698873092
2025-03-06,10.25,0.3219051541758814,0.3219051541758814
2025-03-09,4.0,-0.8961780340081839,-0.8961780340081839
2025-03-10,17.25,1.6861583249420344,1.6861583249420344
2025-03-11,13.25,0.9065850845042327,0.9065850845042327
2025-03-14,5.75,-0.5551147413166456,-0.5551147413166456
2025-03-16,3.5,-0.993624689062909,-0.993624689062909
2025-03-17,8.0,-0.11660479357038211,-0.11660479357038211
2025-03-18,7.5,-0.21405144862510733,-0.21405144862510733
2025-03-19,11.75,0.614245119340057,0.614245119340057
2025-03-20,8.5,-0.019158138515656894,-0.019158138515656894
2025-03-21,6.5,-0.40894475873455777,-0.40894475873455777
2025-03-23,3.0,-1.0910713441176343,-1.0910713441176343
2025-03-24,7.5,-0.21405144862510733,-0.21405144862510733
2025-03-25,8.0,-0.11660479357038211,-0.11660479357038211
2025-03-26,5.25,-0.6525613963713708,-0.6525613963713708
2025-03-30,5.75,-0.5551147413166456,-0.5551147413166456
2025-03-31,9.25,0.12701184406643093,0.12701184406643093
2025-04-01,7.75,-0.16532812109774472,-0.16532812109774472
2025-04-02,25.75,3.342751460872363,3.342751460872363
2025-04-03,17.25,1.6861583249420344,1.6861583249420344
2025-04-04,20.25,2.2708382552703856,2.2708382552703856
2025-04-06,14.75,1.1989250496684083,1.1989250496684083
2025-04-07,38.25,5.778917837240494,5.778917837240494
2025-04-08,32.5,4.658281304111154,4.658281304111154
2025-04-09,19.5,2.124668272688298,2.124668272688298
2025-04-13,9.25,0.12701184406643093,0.12701184406643093
2025-04-14,16.25,1.491265014832584,1.491265014832584
2025-04-15,11.5,0.5655217918126944,0.5655217918126944
2025-04-16,10.25,0.3219051541758814,0.3219051541758814
2025-04-17,6.25,-0.45766808626192035,-0.45766808626192035
2025-04-20,2.5,-1.1885179991723596,-1.1885179991723596
2025-04-21,9.75,0.22445849912115615,0.22445849912115615
2025-04-22,8.0,-0.11660479357038211,-0.11660479357038211
2025-04-23,11.5,0.5655217918126944,0.5655217918126944
2025-04-24,8.0,-0.11660479357038211,-0.11660479357038211
2025-04-25,9.75,0.22445849912115615,0.22445849912115615
2025-04-27,2.25,-1.2372413266997222,-1.2372413266997222
2025-04-28,10.5,0.370628481703244,0.370628481703244
2025-04-29,9.75,0.22445849912115615,0.22445849912115615
2025-05-01,14.5,1.1502017221410457,1.1502017221410457
2025-05-04,3.5,-0.993624689062909,-0.993624689062909
2025-05-05,8.25,-0.0678814660430195,-0.0678814660430195
2025-05-06,8.5,-0.019158138515656894,-0.019158138515656894
2025-05-07,9.0,0.07828851653906832,0.07828851653906832
2025-05-08,12.5,0.7604151019221448,0.7604151019221448
2025-05-09,3.2559814453125,-1.0411822729140798,-1.0411822729140798
2025-05-11,2.0,-1.2859646542270846,-1.2859646542270846
2025-05-12,9.0,0.07828851653906832,0.07828851653906832
2025-05-14,11.25,0.5167984642853318,0.5167984642853318
2025-05-16,11.25,0.5167984642853318,0.5167984642853318
2025-05-18,5.25,-0.6525613963713708,-0.6525613963713708
2025-05-19,12.0,0.6629684468674196,0.6629684468674196
2025-05-20,7.25,-0.2627747761524699,-0.2627747761524699
2025-05-21,10.25,0.3219051541758814,0.3219051541758814
2025-05-22,10.75,0.4193518092306066,0.4193518092306066
2025-05-23,10.5,0.370628481703244,0.370628481703244
2025-05-25,5.0,-0.7012847238987334,-0.7012847238987334
2025-05-26,7.0,-0.31149810367983255,-0.31149810367983255
2025-05-27,6.25,-0.45766808626192035,-0.45766808626192035
2025-05-28,10.75,0.4193518092306066,0.4193518092306066
2025-06-01,4.0,-0.8961780340081839,-0.8961780340081839
2025-06-02,6.25,-0.45766808626192035,-0.45766808626192035
2025-06-03,7.5,-0.21405144862510733,-0.21405144862510733
2025-06-04,13.5,0.9553084120315952,0.9553084120315952
2025-06-05,11.5,0.5655217918126944,0.5655217918126944
2025-06-08,3.0,-1.0910713441176343,-1.0910713441176343
2025-06-09,5.25,-0.6525613963713708,-0.6525613963713708
2025-06-10,5.25,-0.6525613963713708,-0.6525613963713708
2025-06-13,14.25,1.101478394613683,1.101478394613683
2025-06-15,4.0,-0.8961780340081839,-0.8961780340081839
2025-06-16,7.25,-0.2627747761524699,-0.2627747761524699
2025-06-17,8.0,-0.11660479357038211,-0.11660479357038211
2025-06-18,7.25,-0.2627747761524699,-0.2627747761524699
2025-06-19,5.25,-0.6525613963713708,-0.6525613963713708
2025-06-20,9.5,0.17573517159379354,0.17573517159379354
2025-06-22,5.25,-0.6525613963713708,-0.6525613963713708
2025-06-23,13.75,1.004031739558958,1.004031739558958
2025-06-24,7.5,-0.21405144862510733,-0.21405144862510733
2025-06-25,7.5,-0.21405144862510733,-0.21405144862510733
2025-06-29,2.5,-1.1885179991723596,-1.1885179991723596
2025-06-30,7.5,-0.21405144862510733,-0.21405144862510733
2025-07-01,11.0,0.4680751367579692,0.4680751367579692
2025-07-02,6.25,-0.45766808626192035,-0.45766808626192035
2025-07-04,4.5,-0.7987313789534586,-0.7987313789534586
2025-07-06,2.0,-1.2859646542270846,-1.2859646542270846
2025-07-07,7.5,-0.21405144862510733,-0.21405144862510733
2025-07-08,5.75,-0.5551147413166456,-0.5551147413166456
2025-07-09,11.0,0.4680751367579692,0.4680751367579692
2025-07-10,5.0,-0.7012847238987334,-0.7012847238987334
2025-07-11,7.0,-0.31149810367983255,-0.31149810367983255
2025-07-13,0.0,-1.6757512744459855,-1.6757512744459855
2025-07-14,4.75,-0.7500080514260961,-0.7500080514260961
2025-07-17,7.75,-0.16532812109774472,-0.16532812109774472
2025-07-18,4.75,-0.7500080514260961,-0.7500080514260961
2025-07-20,0.0,-1.6757512744459855,-1.6757512744459855
2025-07-21,7.75,-0.16532812109774472,-0.16532812109774472
2025-07-22,7.25,-0.2627747761524699,-0.2627747761524699
2025-07-23,5.75,-0.5551147413166456,-0.5551147413166456
2025-07-24,6.25,-0.45766808626192035,-0.45766808626192035
2025-07-25,5.0,-0.7012847238987334,-0.7012847238987334
2025-07-27,0.0,-1.6757512744459855,-1.6757512744459855
2025-07-28,5.25,-0.6525613963713708,-0.6525613963713708
2025-07-29,10.5,0.370628481703244,0.370628481703244
2025-08-03,0.0,-1.6757512744459855,-1.6757512744459855
2025-08-04,8.0,-0.11660479357038211,-0.11660479357038211
2025-08-05,4.0,-0.8961780340081839,-0.8961780340081839
2025-08-06,7.0,-0.31149810367983255,-0.31149810367983255
2025-08-07,3.75,-0.9449013615355465,-0.9449013615355465
2025-08-08,5.25,-0.6525613963713708,-0.6525613963713708
2025-08-10,0.0,-1.6757512744459855,-1.6757512744459855
2025-08-11,4.5,-0.7987313789534586,-0.7987313789534586
2025-08-13,7.75,-0.16532812109774472,-0.16532812109774472
2025-08-15,6.5,-0.40894475873455777,-0.40894475873455777
2025-08-17,0.0,-1.6757512744459855,-1.6757512744459855
2025-08-18,6.75,-0.36022143120719513,-0.36022143120719513
2025-08-19,5.25,-0.6525613963713708,-0.6525613963713708
2025-08-20,5.75,-0.5551147413166456,-0.5551147413166456
2025-08-21,6.75,-0.36022143120719513,-0.36022143120719513
2025-08-22,12.25,0.7116917743947823,0.7116917743947823
2025-08-24,0.0,-1.6757512744459855,-1.6757512744459855
2025-08-25,4.5,-0.7987313789534586,-0.7987313789534586
2025-08-26,7.0,-0.31149810367983255,-0.31149810367983255
2025-08-27,8.0,-0.11660479357038211,-0.11660479357038211
2025-08-31,0.75,-1.5295812918638978,-1.5295812918638978
2025-09-02,7.0,-0.31149810367983255,-0.31149810367983255
2025-09-03,10.0,0.27318182664851876,0.27318182664851876
2025-09-04,7.0,-0.31149810367983255,-0.31149810367983255
2025-09-07,0.0,-1.6757512744459855,-1.6757512744459855
2025-09-08,6.0,-0.506391413789283,-0.506391413789283
2025-09-12,6.25,-0.45766808626192035,-0.45766808626192035
2025-09-14,0.0,-1.6757512744459855,-1.6757512744459855
2025-09-15,6.25,-0.45766808626192035,-0.45766808626192035
2025-09-16,5.0,-0.7012847238987334,-0.7012847238987334
2025-09-17,10.75,0.4193518092306066,0.4193518092306066
2025-09-18,10.25,0.3219051541758814,0.3219051541758814
2025-09-19,4.0,-0.8961780340081839,-0.8961780340081839
2025-09-21,0.0,-1.6757512744459855,-1.6757512744459855
2025-09-22,4.0,-0.8961780340081839,-0.8961780340081839
2025-09-23,4.75,-0.7500080514260961,-0.7500080514260961
2025-09-24,6.75,-0.36022143120719513,-0.36022143120719513
2025-09-28,1.75,-1.3346879817544473,-1.3346879817544473
2025-09-29,3.75,-0.9449013615355465,-0.9449013615355465
2025-09-30,5.75,-0.5551147413166456,-0.5551147413166456
2025-10-01,9.5,0.17573517159379354,0.17573517159379354
2025-10-02,4.75,-0.7500080514260961,-0.7500080514260961
2025-10-05,0.0,-1.6757512744459855,-1.6757512744459855
2025-10-06,5.25,-0.6525613963713708,-0.6525613963713708
2025-10-07,7.25,-0.2627747761524699,-0.2627747761524699
2025-10-08,4.0,-0.8961780340081839,-0.8961780340081839
2025-10-09,4.25,-0.8474547064808212,-0.8474547064808212
2025-10-10,11.25,0.5167984642853318,0.5167984642853318
2025-10-12,0.0,-1.6757512744459855,-1.6757512744459855
2025-10-13,4.5,-0.7987313789534586,-0.7987313789534586
2025-10-14,5.75,-0.5551147413166456,-0.5551147413166456
2025-10-17,10.5,0.370628481703244,0.370628481703244
