Date,"Volatility of Returns (Session:All day, Interval:15m, Symbol:ZN)",ZScore wrt All Days,ZScore wrt Given Days
2024-11-03,3.75,-0.8398525549917725,-0.8398525549917725
2024-11-04,7.25,-0.1400161616484087,-0.1400161616484087
2024-11-05,23.25,3.0592359222069683,3.0592359222069683
2024-11-06,9.25,0.2598903488335134,0.2598903488335134
2024-11-07,17.25,1.859516390761202,1.859516390761202
2024-11-08,6.75,-0.23999278926888923,-0.23999278926888923
2024-11-10,3.75,-0.8398525549917725,-0.8398525549917725
2024-11-11,6.25,-0.33996941688936977,-0.33996941688936977
2024-11-12,10.0,0.40985529026423423,0.40985529026423423
2024-11-15,12.75,0.9597267421768771,0.9597267421768771
2024-11-17,3.25,-0.939829182612253,-0.939829182612253
2024-11-18,15.75,1.5595865078997604,1.5595865078997604
2024-11-19,9.75,0.35986697645399396,0.35986697645399396
2024-11-20,6.25,-0.33996941688936977,-0.33996941688936977
2024-11-21,7.0,-0.19000447545864896,-0.19000447545864896
2024-11-22,5.0,-0.5899109859405711,-0.5899109859405711
2024-11-24,4.25,-0.7398759273712919,-0.7398759273712919
2024-11-25,11.5,0.7097851731256758,0.7097851731256758
2024-11-26,10.25,0.4598436040744745,0.4598436040744745
2024-11-29,5.75,-0.4399460445098503,-0.4399460445098503
2024-12-01,6.0,-0.38995773069961004,-0.38995773069961004
2024-12-02,11.25,0.6597968593154355,0.6597968593154355
2024-12-03,12.0,0.8097618007461563,0.8097618007461563
2024-12-04,13.5,1.109691683607598,1.109691683607598
2024-12-05,8.25,0.05993709359255237,0.05993709359255237
2024-12-08,5.25,-0.5399226721303308,-0.5399226721303308
2024-12-09,8.5,0.10992540740279264,0.10992540740279264
2024-12-10,6.5,-0.2899811030791295,-0.2899811030791295
2024-12-13,8.25,0.05993709359255237,0.05993709359255237
2024-12-15,2.25,-1.139782437853214,-1.139782437853214
2024-12-16,7.0,-0.19000447545864896,-0.19000447545864896
2024-12-17,7.25,-0.1400161616484087,-0.1400161616484087
2024-12-18,19.5,2.3094112150533643,2.3094112150533643
2024-12-22,3.0,-0.9898174964224933,-0.9898174964224933
2024-12-23,6.75,-0.23999278926888923,-0.23999278926888923
2024-12-24,4.5,-0.6898876135610517,-0.6898876135610517
2024-12-25,3.25,-0.939829182612253,-0.939829182612253
2024-12-26,8.0,0.009948779782312104,0.009948779782312104
2024-12-27,5.75,-0.4399460445098503,-0.4399460445098503
2024-12-29,4.5,-0.6898876135610517,-0.6898876135610517
2024-12-30,10.25,0.4598436040744745,0.4598436040744745
2024-12-31,7.0,-0.19000447545864896,-0.19000447545864896
2025-01-01,7.25,-0.1400161616484087,-0.1400161616484087
2025-01-02,8.5,0.10992540740279264,0.10992540740279264
2025-01-03,7.25,-0.1400161616484087,-0.1400161616484087
2025-01-05,2.5,-1.0897941240429738,-1.0897941240429738
2025-01-06,7.5,-0.09002784783816843,-0.09002784783816843
2025-01-07,8.0,0.009948779782312104,0.009948779782312104
2025-01-08,7.5,-0.09002784783816843,-0.09002784783816843
2025-01-09,5.75,-0.4399460445098503,-0.4399460445098503
2025-01-12,4.5,-0.6898876135610517,-0.6898876135610517
2025-01-13,6.25,-0.33996941688936977,-0.33996941688936977
2025-01-16,12.0,0.8097618007461563,0.8097618007461563
2025-01-17,7.254028320312273,-0.1392106858888165,-0.1392106858888165
2025-01-19,2.5,-1.0897941240429738,-1.0897941240429738
2025-01-20,13.75,1.1596799974178382,1.1596799974178382
2025-01-21,4.75,-0.6398992997508114,-0.6398992997508114
2025-01-22,7.0,-0.19000447545864896,-0.19000447545864896
2025-01-23,6.5,-0.2899811030791295,-0.2899811030791295
2025-01-24,6.75,-0.23999278926888923,-0.23999278926888923
2025-01-26,11.5,0.7097851731256758,0.7097851731256758
2025-01-27,9.25,0.2598903488335134,0.2598903488335134
2025-01-28,7.75,-0.04003953402792816,-0.04003953402792816
2025-01-29,9.75,0.35986697645399396,0.35986697645399396
2025-02-02,9.5,0.3098786626437537,0.3098786626437537
2025-02-03,8.0,0.009948779782312104,0.009948779782312104
2025-02-04,9.5,0.3098786626437537,0.3098786626437537
2025-02-05,11.5,0.7097851731256758,0.7097851731256758
2025-02-06,5.0,-0.5899109859405711,-0.5899109859405711
2025-02-09,2.75,-1.0398058102327334,-1.0398058102327334
2025-02-10,5.5,-0.4899343583200906,-0.4899343583200906
2025-02-11,6.25,-0.33996941688936977,-0.33996941688936977
2025-02-14,10.75,0.559820231694955,0.559820231694955
2025-02-16,2.75,-1.0398058102327334,-1.0398058102327334
2025-02-17,3.75,-0.8398525549917725,-0.8398525549917725
2025-02-18,6.25,-0.33996941688936977,-0.33996941688936977
2025-02-19,7.0,-0.19000447545864896,-0.19000447545864896
2025-02-20,5.0,-0.5899109859405711,-0.5899109859405711
2025-02-21,10.25,0.4598436040744745,0.4598436040744745
2025-02-23,1.5,-1.289747379283935,-1.289747379283935
2025-02-24,9.75,0.35986697645399396,0.35986697645399396
2025-02-25,11.25,0.6597968593154355,0.6597968593154355
2025-02-26,10.75,0.559820231694955,0.559820231694955
2025-03-02,3.0,-0.9898174964224933,-0.9898174964224933
2025-03-03,17.0,1.8095280769509616,1.8095280769509616
2025-03-04,19.0,2.209434587432884,2.209434587432884
2025-03-05,16.0,1.6095748217100005,1.6095748217100005
2025-03-06,10.25,0.4598436040744745,0.4598436040744745
2025-03-09,4.0,-0.7898642411815322,-0.7898642411815322
2025-03-10,17.25,1.859516390761202,1.859516390761202
2025-03-11,13.25,1.0597033697973577,1.0597033697973577
2025-03-14,5.75,-0.4399460445098503,-0.4399460445098503
2025-03-16,3.5,-0.8898408688020127,-0.8898408688020127
2025-03-17,8.0,0.009948779782312104,0.009948779782312104
2025-03-18,7.5,-0.09002784783816843,-0.09002784783816843
2025-03-19,11.25,0.6597968593154355,0.6597968593154355
2025-03-20,8.5,0.10992540740279264,0.10992540740279264
2025-03-21,6.5,-0.2899811030791295,-0.2899811030791295
2025-03-23,3.0,-0.9898174964224933,-0.9898174964224933
2025-03-24,7.5,-0.09002784783816843,-0.09002784783816843
2025-03-25,8.0,0.009948779782312104,0.009948779782312104
2025-03-26,5.25,-0.5399226721303308,-0.5399226721303308
2025-03-30,5.75,-0.4399460445098503,-0.4399460445098503
2025-03-31,9.25,0.2598903488335134,0.2598903488335134
2025-04-01,7.75,-0.04003953402792816,-0.04003953402792816
2025-04-02,25.75,3.559119060309371,3.559119060309371
2025-04-03,17.25,1.859516390761202,1.859516390761202
2025-04-04,20.25,2.459376156484085,2.459376156484085
2025-04-06,14.75,1.3596332526587993,1.3596332526587993
2025-04-07,38.25,6.0585347508213845,6.0585347508213845
2025-04-08,32.5,4.908803533185859,4.908803533185859
2025-04-09,19.5,2.3094112150533643,2.3094112150533643
2025-04-13,9.25,0.2598903488335134,0.2598903488335134
2025-04-14,16.25,1.659563135520241,1.659563135520241
2025-04-15,11.5,0.7097851731256758,0.7097851731256758
2025-04-16,10.25,0.4598436040744745,0.4598436040744745
2025-04-17,6.25,-0.33996941688936977,-0.33996941688936977
2025-04-20,2.5,-1.0897941240429738,-1.0897941240429738
2025-04-21,9.75,0.35986697645399396,0.35986697645399396
2025-04-22,8.0,0.009948779782312104,0.009948779782312104
2025-04-23,11.5,0.7097851731256758,0.7097851731256758
2025-04-24,8.0,0.009948779782312104,0.009948779782312104
2025-04-25,9.75,0.35986697645399396,0.35986697645399396
2025-04-27,2.25,-1.139782437853214,-1.139782437853214
2025-04-28,10.5,0.5098319178847148,0.5098319178847148
2025-04-29,9.75,0.35986697645399396,0.35986697645399396
2025-05-01,14.5,1.3096449388485591,1.3096449388485591
2025-05-04,3.5,-0.8898408688020127,-0.8898408688020127
2025-05-05,8.5,0.10992540740279264,0.10992540740279264
2025-05-06,8.5,0.10992540740279264,0.10992540740279264
2025-05-07,9.0,0.20990203502327318,0.20990203502327318
2025-05-08,12.5,0.9097384283666369,0.9097384283666369
2025-05-09,5.0,-0.5899109859405711,-0.5899109859405711
2025-05-11,2.0,-1.1897707516634544,-1.1897707516634544
2025-05-12,9.0,0.20990203502327318,0.20990203502327318
2025-05-14,11.25,0.6597968593154355,0.6597968593154355
2025-05-16,11.25,0.6597968593154355,0.6597968593154355
2025-05-18,5.25,-0.5399226721303308,-0.5399226721303308
2025-05-19,12.0,0.8097618007461563,0.8097618007461563
2025-05-20,7.25,-0.1400161616484087,-0.1400161616484087
2025-05-21,10.25,0.4598436040744745,0.4598436040744745
2025-05-22,10.75,0.559820231694955,0.559820231694955
2025-05-23,10.5,0.5098319178847148,0.5098319178847148
2025-05-25,5.0,-0.5899109859405711,-0.5899109859405711
2025-05-26,7.0,-0.19000447545864896,-0.19000447545864896
2025-05-27,6.25,-0.33996941688936977,-0.33996941688936977
2025-05-28,10.75,0.559820231694955,0.559820231694955
2025-06-01,4.0,-0.7898642411815322,-0.7898642411815322
2025-06-02,6.25,-0.33996941688936977,-0.33996941688936977
2025-06-03,7.5,-0.09002784783816843,-0.09002784783816843
2025-06-04,13.25,1.0597033697973577,1.0597033697973577
2025-06-05,11.5,0.7097851731256758,0.7097851731256758
2025-06-08,3.0,-0.9898174964224933,-0.9898174964224933
2025-06-09,5.25,-0.5399226721303308,-0.5399226721303308
2025-06-10,5.25,-0.5399226721303308,-0.5399226721303308
2025-06-13,14.25,1.2596566250383188,1.2596566250383188
2025-06-15,4.0,-0.7898642411815322,-0.7898642411815322
2025-06-16,7.25,-0.1400161616484087,-0.1400161616484087
2025-06-17,8.0,0.009948779782312104,0.009948779782312104
2025-06-18,7.25,-0.1400161616484087,-0.1400161616484087
2025-06-19,5.25,-0.5399226721303308,-0.5399226721303308
2025-06-20,9.5,0.3098786626437537,0.3098786626437537
2025-06-22,5.25,-0.5399226721303308,-0.5399226721303308
2025-06-23,13.75,1.1596799974178382,1.1596799974178382
2025-06-24,7.5,-0.09002784783816843,-0.09002784783816843
2025-06-25,7.5,-0.09002784783816843,-0.09002784783816843
2025-06-29,2.5,-1.0897941240429738,-1.0897941240429738
2025-06-30,7.5,-0.09002784783816843,-0.09002784783816843
2025-07-01,11.0,0.6098085455051953,0.6098085455051953
2025-07-02,6.25,-0.33996941688936977,-0.33996941688936977
2025-07-04,4.5,-0.6898876135610517,-0.6898876135610517
2025-07-06,2.0,-1.1897707516634544,-1.1897707516634544
2025-07-07,7.5,-0.09002784783816843,-0.09002784783816843
2025-07-08,5.5,-0.4899343583200906,-0.4899343583200906
2025-07-09,11.0,0.6098085455051953,0.6098085455051953
2025-07-10,4.75,-0.6398992997508114,-0.6398992997508114
2025-07-11,7.0,-0.19000447545864896,-0.19000447545864896
2025-07-13,0.0,-1.5896772621453765,-1.5896772621453765
2025-07-14,4.75,-0.6398992997508114,-0.6398992997508114
2025-07-17,7.25,-0.1400161616484087,-0.1400161616484087
2025-07-18,4.75,-0.6398992997508114,-0.6398992997508114
2025-07-20,0.0,-1.5896772621453765,-1.5896772621453765
2025-07-21,7.5,-0.09002784783816843,-0.09002784783816843
2025-07-22,7.25,-0.1400161616484087,-0.1400161616484087
2025-07-23,5.75,-0.4399460445098503,-0.4399460445098503
2025-07-24,6.0,-0.38995773069961004,-0.38995773069961004
2025-07-25,5.0,-0.5899109859405711,-0.5899109859405711
2025-07-27,0.0,-1.5896772621453765,-1.5896772621453765
2025-07-28,5.25,-0.5399226721303308,-0.5399226721303308
2025-07-29,10.5,0.5098319178847148,0.5098319178847148
2025-08-03,0.0,-1.5896772621453765,-1.5896772621453765
2025-08-04,8.0,0.009948779782312104,0.009948779782312104
2025-08-05,4.5,-0.6898876135610517,-0.6898876135610517
2025-08-06,4.25,-0.7398759273712919,-0.7398759273712919
2025-08-07,3.75,-0.8398525549917725,-0.8398525549917725
2025-08-08,5.25,-0.5399226721303308,-0.5399226721303308
2025-08-10,0.0,-1.5896772621453765,-1.5896772621453765
2025-08-11,4.5,-0.6898876135610517,-0.6898876135610517
2025-08-13,7.75,-0.04003953402792816,-0.04003953402792816
2025-08-15,6.5,-0.2899811030791295,-0.2899811030791295
2025-08-17,0.0,-1.5896772621453765,-1.5896772621453765
2025-08-18,6.0,-0.38995773069961004,-0.38995773069961004
2025-08-19,5.25,-0.5399226721303308,-0.5399226721303308
2025-08-20,5.75,-0.4399460445098503,-0.4399460445098503
2025-08-21,6.75,-0.23999278926888923,-0.23999278926888923
2025-08-22,12.25,0.8597501145563966,0.8597501145563966
2025-08-24,0.0,-1.5896772621453765,-1.5896772621453765
2025-08-25,4.5,-0.6898876135610517,-0.6898876135610517
2025-08-26,7.0,-0.19000447545864896,-0.19000447545864896
2025-08-27,8.0,0.009948779782312104,0.009948779782312104
2025-08-31,0.75,-1.4397123207146556,-1.4397123207146556
2025-09-02,7.0,-0.19000447545864896,-0.19000447545864896
2025-09-03,10.25,0.4598436040744745,0.4598436040744745
2025-09-04,7.0,-0.19000447545864896,-0.19000447545864896
2025-09-07,0.0,-1.5896772621453765,-1.5896772621453765
2025-09-08,6.0,-0.38995773069961004,-0.38995773069961004
2025-09-12,6.25,-0.33996941688936977,-0.33996941688936977
2025-09-14,0.0,-1.5896772621453765,-1.5896772621453765
2025-09-15,6.5,-0.2899811030791295,-0.2899811030791295
2025-09-16,5.0,-0.5899109859405711,-0.5899109859405711
2025-09-17,10.0,0.40985529026423423,0.40985529026423423
