Date,"Volatility of Returns (Session:London 0-7 ET, Interval:15m, Symbol:ZN)",ZScore wrt All Days,ZScore wrt Given Days
2024-11-04,5.0,0.2117801389717147,0.2117801389717147
2024-11-05,8.0,1.4382566330819844,1.4382566330819844
2024-11-06,6.25,0.7228120115176604,0.7228120115176604
2024-11-07,12.25,3.1757649997381994,3.1757649997381994
2024-11-08,6.5,0.8250183860268495,0.8250183860268495
2024-11-11,5.75,0.518399262499282,0.518399262499282
2024-11-12,6.75,0.9272247605360386,0.9272247605360386
2024-11-15,10.25,2.3581140036646864,2.3581140036646864
2024-11-18,5.75,0.518399262499282,0.518399262499282
2024-11-19,5.5,0.41619288799009296,0.41619288799009296
2024-11-20,5.5,0.41619288799009296,0.41619288799009296
2024-11-21,5.75,0.518399262499282,0.518399262499282
2024-11-22,5.0,0.2117801389717147,0.2117801389717147
2024-11-25,9.75,2.1537012546463083,2.1537012546463083
2024-11-26,5.5,0.41619288799009296,0.41619288799009296
2024-11-29,5.25,0.31398651348090384,0.31398651348090384
2024-12-02,11.25,2.766939501701443,2.766939501701443
2024-12-03,9.0,1.8470821311187409,1.8470821311187409
2024-12-04,12.0,3.07355862522901,3.07355862522901
2024-12-05,6.0,0.6206056370084713,0.6206056370084713
2024-12-09,6.0,0.6206056370084713,0.6206056370084713
2024-12-10,6.5,0.8250183860268495,0.8250183860268495
2024-12-13,6.0,0.6206056370084713,0.6206056370084713
2024-12-16,5.5,0.41619288799009296,0.41619288799009296
2024-12-17,7.25,1.1316375095544169,1.1316375095544169
2024-12-18,5.5,0.41619288799009296,0.41619288799009296
2024-12-23,4.5,0.00736738995333643,0.00736738995333643
2024-12-24,2.0,-1.0146963551385548,-1.0146963551385548
2024-12-26,3.5,-0.4014581080834201,-0.4014581080834201
2024-12-27,4.75,0.10957376446252556,0.10957376446252556
2024-12-30,7.5,1.233843884063606,1.233843884063606
2024-12-31,6.0,0.6206056370084713,0.6206056370084713
2025-01-02,8.0,1.4382566330819844,1.4382566330819844
2025-01-03,5.0,0.2117801389717147,0.2117801389717147
2025-01-06,7.5,1.233843884063606,1.233843884063606
2025-01-07,8.0,1.4382566330819844,1.4382566330819844
2025-01-08,6.25,0.7228120115176604,0.7228120115176604
2025-01-09,4.0,-0.19704535906504184,-0.19704535906504184
2025-01-13,4.75,0.10957376446252556,0.10957376446252556
2025-01-16,10.75,2.562526752683065,2.562526752683065
2025-01-17,6.5,0.8250183860268495,0.8250183860268495
2025-01-20,8.0,1.4382566330819844,1.4382566330819844
2025-01-21,4.0,-0.19704535906504184,-0.19704535906504184
2025-01-22,5.5,0.41619288799009296,0.41619288799009296
2025-01-23,4.75,0.10957376446252556,0.10957376446252556
2025-01-24,6.75,0.9272247605360386,0.9272247605360386
2025-01-27,7.75,1.3360502585727951,1.3360502585727951
2025-01-28,4.25,-0.0948389845558527,-0.0948389845558527
2025-01-29,5.25,0.31398651348090384,0.31398651348090384
2025-02-03,5.25,0.31398651348090384,0.31398651348090384
2025-02-04,4.5,0.00736738995333643,0.00736738995333643
2025-02-05,4.5,0.00736738995333643,0.00736738995333643
2025-02-06,2.75,-0.7080772316109875,-0.7080772316109875
2025-02-10,3.0,-0.6058708571017983,-0.6058708571017983
2025-02-11,3.5,-0.4014581080834201,-0.4014581080834201
2025-02-14,2.75,-0.7080772316109875,-0.7080772316109875
2025-02-17,2.0,-1.0146963551385548,-1.0146963551385548
2025-02-18,1.75,-1.116902729647744,-1.116902729647744
2025-02-19,2.5,-0.8102836061201766,-0.8102836061201766
2025-02-20,2.75,-0.7080772316109875,-0.7080772316109875
2025-02-21,3.0,-0.6058708571017983,-0.6058708571017983
2025-02-24,2.5,-0.8102836061201766,-0.8102836061201766
2025-02-25,5.75,0.518399262499282,0.518399262499282
2025-02-26,3.75,-0.29925173357423096,-0.29925173357423096
2025-03-03,4.25,-0.0948389845558527,-0.0948389845558527
2025-03-04,5.75,0.518399262499282,0.518399262499282
2025-03-05,5.0,0.2117801389717147,0.2117801389717147
2025-03-06,5.25,0.31398651348090384,0.31398651348090384
2025-03-10,6.5,0.8250183860268495,0.8250183860268495
2025-03-11,5.75,0.518399262499282,0.518399262499282
2025-03-14,2.75,-0.7080772316109875,-0.7080772316109875
2025-03-17,3.0059814453127274,-0.6034254897428429,-0.6034254897428429
2025-03-18,3.75,-0.29925173357423096,-0.29925173357423096
2025-03-19,3.25,-0.5036644825926092,-0.5036644825926092
2025-03-20,5.25,0.31398651348090384,0.31398651348090384
2025-03-21,4.5,0.00736738995333643,0.00736738995333643
2025-03-24,2.25,-0.9124899806293657,-0.9124899806293657
2025-03-25,4.75,0.10957376446252556,0.10957376446252556
2025-03-26,3.25,-0.5036644825926092,-0.5036644825926092
2025-03-31,3.5,-0.4014581080834201,-0.4014581080834201
2025-04-01,4.5,0.00736738995333643,0.00736738995333643
2025-04-02,6.25,0.7228120115176604,0.7228120115176604
2025-04-03,5.25,0.31398651348090384,0.31398651348090384
2025-04-04,15.0,4.300035119339279,4.300035119339279
2025-04-07,16.0,4.708860617376036,4.708860617376036
2025-04-08,6.0,0.6206056370084713,0.6206056370084713
2025-04-09,15.5,4.504447868357658,4.504447868357658
2025-04-14,6.75,0.9272247605360386,0.9272247605360386
2025-04-15,5.25,0.31398651348090384,0.31398651348090384
2025-04-16,5.5,0.41619288799009296,0.41619288799009296
2025-04-17,3.5,-0.4014581080834201,-0.4014581080834201
2025-04-21,3.75,-0.29925173357423096,-0.29925173357423096
2025-04-22,3.75,-0.29925173357423096,-0.29925173357423096
2025-04-23,5.5,0.41619288799009296,0.41619288799009296
2025-04-24,3.5,-0.4014581080834201,-0.4014581080834201
2025-04-25,4.25,-0.0948389845558527,-0.0948389845558527
2025-04-28,4.5,0.00736738995333643,0.00736738995333643
2025-04-29,3.75,-0.29925173357423096,-0.29925173357423096
2025-05-01,5.0,0.2117801389717147,0.2117801389717147
2025-05-05,2.0,-1.0146963551385548,-1.0146963551385548
2025-05-06,3.25,-0.5036644825926092,-0.5036644825926092
2025-05-07,3.25,-0.5036644825926092,-0.5036644825926092
2025-05-08,3.25,-0.5036644825926092,-0.5036644825926092
2025-05-09,3.0,-0.6058708571017983,-0.6058708571017983
2025-05-12,8.5,1.6426693821003626,1.6426693821003626
2025-05-14,3.25,-0.5036644825926092,-0.5036644825926092
2025-05-16,3.5,-0.4014581080834201,-0.4014581080834201
2025-05-19,5.25,0.31398651348090384,0.31398651348090384
2025-05-20,4.25,-0.0948389845558527,-0.0948389845558527
2025-05-21,4.0,-0.19704535906504184,-0.19704535906504184
2025-05-22,3.0,-0.6058708571017983,-0.6058708571017983
2025-05-23,3.5,-0.4014581080834201,-0.4014581080834201
2025-05-26,2.5,-0.8102836061201766,-0.8102836061201766
2025-05-27,3.25,-0.5036644825926092,-0.5036644825926092
2025-05-28,2.0,-1.0146963551385548,-1.0146963551385548
2025-06-02,4.0,-0.19704535906504184,-0.19704535906504184
2025-06-03,3.25,-0.5036644825926092,-0.5036644825926092
2025-06-04,2.75,-0.7080772316109875,-0.7080772316109875
2025-06-05,3.0,-0.6058708571017983,-0.6058708571017983
2025-06-09,2.75,-0.7080772316109875,-0.7080772316109875
2025-06-10,4.25,-0.0948389845558527,-0.0948389845558527
2025-06-13,7.5,1.233843884063606,1.233843884063606
2025-06-16,5.0,0.2117801389717147,0.2117801389717147
2025-06-17,3.25,-0.5036644825926092,-0.5036644825926092
2025-06-18,4.5,0.00736738995333643,0.00736738995333643
2025-06-19,3.75,-0.29925173357423096,-0.29925173357423096
2025-06-20,5.75,0.518399262499282,0.518399262499282
2025-06-23,3.0,-0.6058708571017983,-0.6058708571017983
2025-06-24,3.75,-0.29925173357423096,-0.29925173357423096
2025-06-25,3.25,-0.5036644825926092,-0.5036644825926092
2025-06-30,5.0,0.2117801389717147,0.2117801389717147
2025-07-01,3.25,-0.5036644825926092,-0.5036644825926092
2025-07-02,4.25,-0.0948389845558527,-0.0948389845558527
2025-07-04,4.5,0.00736738995333643,0.00736738995333643
2025-07-07,3.5,-0.4014581080834201,-0.4014581080834201
2025-07-08,4.0,-0.19704535906504184,-0.19704535906504184
2025-07-09,2.75,-0.7080772316109875,-0.7080772316109875
2025-07-10,2.75,-0.7080772316109875,-0.7080772316109875
2025-07-11,3.75,-0.29925173357423096,-0.29925173357423096
2025-07-14,1.75,-1.116902729647744,-1.116902729647744
2025-07-17,2.75,-0.7080772316109875,-0.7080772316109875
2025-07-18,2.25,-0.9124899806293657,-0.9124899806293657
2025-07-21,5.25,0.31398651348090384,0.31398651348090384
2025-07-22,3.0,-0.6058708571017983,-0.6058708571017983
2025-07-23,2.25,-0.9124899806293657,-0.9124899806293657
2025-07-24,1.75,-1.116902729647744,-1.116902729647744
2025-07-25,3.75,-0.29925173357423096,-0.29925173357423096
2025-07-28,3.75,-0.29925173357423096,-0.29925173357423096
2025-07-29,2.75,-0.7080772316109875,-0.7080772316109875
2025-08-04,3.75,-0.29925173357423096,-0.29925173357423096
2025-08-05,2.0059814453125,-1.0122509877796924,-1.0122509877796924
2025-08-06,2.5,-0.8102836061201766,-0.8102836061201766
2025-08-07,2.25,-0.9124899806293657,-0.9124899806293657
2025-08-08,1.5,-1.219109104156933,-1.219109104156933
2025-08-11,2.0,-1.0146963551385548,-1.0146963551385548
2025-08-13,4.5,0.00736738995333643,0.00736738995333643
2025-08-15,2.75,-0.7080772316109875,-0.7080772316109875
2025-08-18,3.0,-0.6058708571017983,-0.6058708571017983
2025-08-19,2.5,-0.8102836061201766,-0.8102836061201766
2025-08-20,3.25,-0.5036644825926092,-0.5036644825926092
2025-08-21,2.5,-0.8102836061201766,-0.8102836061201766
2025-08-22,2.0,-1.0146963551385548,-1.0146963551385548
2025-08-25,2.25,-0.9124899806293657,-0.9124899806293657
2025-08-26,2.25,-0.9124899806293657,-0.9124899806293657
2025-08-27,2.5,-0.8102836061201766,-0.8102836061201766
2025-09-02,5.25,0.31398651348090384,0.31398651348090384
2025-09-03,2.5,-0.8102836061201766,-0.8102836061201766
2025-09-04,3.25,-0.5036644825926092,-0.5036644825926092
2025-09-08,3.258056640625,-0.5003707224765904,-0.5003707224765904
2025-09-12,2.5,-0.8102836061201766,-0.8102836061201766
2025-09-15,3.5,-0.4014581080834201,-0.4014581080834201
2025-09-16,2.25,-0.9124899806293657,-0.9124899806293657
2025-09-17,2.5,-0.8102836061201766,-0.8102836061201766
2025-09-18,3.25,-0.5036644825926092,-0.5036644825926092
2025-09-19,2.75,-0.7080772316109875,-0.7080772316109875
2025-09-22,2.5,-0.8102836061201766,-0.8102836061201766
2025-09-23,2.5,-0.8102836061201766,-0.8102836061201766
2025-09-24,2.25,-0.9124899806293657,-0.9124899806293657
2025-09-29,2.5,-0.8102836061201766,-0.8102836061201766
2025-09-30,2.75,-0.7080772316109875,-0.7080772316109875
2025-10-01,2.5,-0.8102836061201766,-0.8102836061201766
2025-10-02,2.5,-0.8102836061201766,-0.8102836061201766
2025-10-06,4.0,-0.19704535906504184,-0.19704535906504184
2025-10-07,2.5,-0.8102836061201766,-0.8102836061201766
2025-10-08,2.75,-0.7080772316109875,-0.7080772316109875
2025-10-09,2.5,-0.8102836061201766,-0.8102836061201766
2025-10-10,2.5,-0.8102836061201766,-0.8102836061201766
2025-10-13,2.25,-0.9124899806293657,-0.9124899806293657
2025-10-14,5.751953125,0.5191977498001351,0.5191977498001351
2025-10-17,4.0,-0.19704535906504184,-0.19704535906504184
2025-10-20,2.0,-1.0146963551385548,-1.0146963551385548
2025-10-21,3.25,-0.5036644825926092,-0.5036644825926092
2025-10-22,1.5,-1.219109104156933,-1.219109104156933
