Date,"Volatility of Returns (Session:London 0-7 ET, Interval:1h, Symbol:ZN)",ZScore wrt All Days,ZScore wrt Given Days
2022-12-20,5.75,0.42613188820713965,0.42613188820713965
2022-12-21,4.75,0.060182141010849934,0.060182141010849934
2022-12-27,3.75,-0.3057676061854398,-0.3057676061854398
2022-12-28,3.25,-0.4887424797835847,-0.4887424797835847
2022-12-29,4.75,0.060182141010849934,0.060182141010849934
2022-12-30,3.75,-0.3057676061854398,-0.3057676061854398
2023-01-03,8.5,1.4324936929969365,1.4324936929969365
2023-01-04,6.25,0.6091067618052846,0.6091067618052846
2023-01-05,3.75,-0.3057676061854398,-0.3057676061854398
2023-01-09,5.25,0.2431570146089948,0.2431570146089948
2023-01-10,4.75,0.060182141010849934,0.060182141010849934
2023-01-11,3.75,-0.3057676061854398,-0.3057676061854398
2023-01-13,6.75,0.7920816354034295,0.7920816354034295
2023-01-17,3.0,-0.5802299165826571,-0.5802299165826571
2023-01-19,8.0,1.2495188193987916,1.2495188193987916
2023-01-20,4.5,-0.0313052957882225,-0.0313052957882225
2023-01-23,5.0,0.15166957780992238,0.15166957780992238
2023-01-24,3.75,-0.3057676061854398,-0.3057676061854398
2023-01-25,5.0,0.15166957780992238,0.15166957780992238
2023-01-30,8.0,1.2495188193987916,1.2495188193987916
2023-01-31,4.25,-0.12279273258729494,-0.12279273258729494
2023-02-01,5.75,0.42613188820713965,0.42613188820713965
2023-02-02,4.0,-0.21428016938636738,-0.21428016938636738
2023-02-06,10.0,1.981418313791371,1.981418313791371
2023-02-07,4.5,-0.0313052957882225,-0.0313052957882225
2023-02-08,3.25,-0.4887424797835847,-0.4887424797835847
2023-02-09,5.25,0.2431570146089948,0.2431570146089948
2023-02-10,7.0,0.8835690722025018,0.8835690722025018
2023-02-13,2.75,-0.6717173533817296,-0.6717173533817296
2023-02-15,3.75,-0.3057676061854398,-0.3057676061854398
2023-02-17,5.0,0.15166957780992238,0.15166957780992238
2023-02-21,4.75,0.060182141010849934,0.060182141010849934
2023-02-22,5.0,0.15166957780992238,0.15166957780992238
2023-02-27,10.0,1.981418313791371,1.981418313791371
2023-02-28,11.75,2.621830371384878,2.621830371384878
2023-03-01,12.5,2.8962926817820955,2.8962926817820955
2023-03-02,11.0,2.347368060987661,2.347368060987661
2023-03-03,12.0,2.7133178081839504,2.7133178081839504
2023-03-06,10.5,2.164393187389516,2.164393187389516
2023-03-07,4.25,-0.12279273258729494,-0.12279273258729494
2023-03-08,4.25,-0.12279273258729494,-0.12279273258729494
2023-03-09,3.5,-0.39725504298451225,-0.39725504298451225
2023-03-13,28.25,8.66000120012366,8.66000120012366
2023-03-16,8.75,1.5239811297960089,1.5239811297960089
2023-03-17,7.75,1.1580313825997193,1.1580313825997193
2023-03-20,21.75,6.281327843347777,6.281327843347777
2023-03-21,14.25,3.5367047393756024,3.5367047393756024
2023-03-22,5.25,0.2431570146089948,0.2431570146089948
2023-03-23,7.5,1.0665439458006467,1.0665439458006467
2023-03-24,18.0,4.909016291361689,4.909016291361689
2023-03-27,12.75,2.987780118581168,2.987780118581168
2023-03-28,9.5,1.798443440193226,1.798443440193226
2023-03-29,6.25,0.6091067618052846,0.6091067618052846
2023-04-03,4.5,-0.0313052957882225,-0.0313052957882225
2023-04-04,5.75,0.42613188820713965,0.42613188820713965
2023-04-05,4.0,-0.21428016938636738,-0.21428016938636738
2023-04-06,4.25,-0.12279273258729494,-0.12279273258729494
2023-04-10,2.25,-0.8546922269798745,-0.8546922269798745
2023-04-11,5.25,0.2431570146089948,0.2431570146089948
2023-04-14,4.25,-0.12279273258729494,-0.12279273258729494
2023-04-17,5.25,0.2431570146089948,0.2431570146089948
2023-04-18,4.0,-0.21428016938636738,-0.21428016938636738
2023-04-19,8.0,1.2495188193987916,1.2495188193987916
2023-04-20,6.25,0.6091067618052846,0.6091067618052846
2023-04-21,4.75,0.060182141010849934,0.060182141010849934
2023-04-24,4.0,-0.21428016938636738,-0.21428016938636738
2023-04-25,4.75,0.060182141010849934,0.060182141010849934
2023-04-26,3.75,-0.3057676061854398,-0.3057676061854398
2023-05-01,3.75,-0.3057676061854398,-0.3057676061854398
2023-05-02,6.75,0.7920816354034295,0.7920816354034295
2023-05-03,6.5,0.700594198604357,0.700594198604357
2023-05-04,4.75,0.060182141010849934,0.060182141010849934
2023-05-08,5.25,0.2431570146089948,0.2431570146089948
2023-05-09,3.25,-0.4887424797835847,-0.4887424797835847
2023-05-12,5.5,0.33464445140806726,0.33464445140806726
2023-05-15,2.5,-0.763204790180802,-0.763204790180802
2023-05-16,4.0,-0.21428016938636738,-0.21428016938636738
2023-05-17,3.25,-0.4887424797835847,-0.4887424797835847
2023-05-18,4.25,-0.12279273258729494,-0.12279273258729494
2023-05-19,4.25,-0.12279273258729494,-0.12279273258729494
2023-05-22,3.5,-0.39725504298451225,-0.39725504298451225
2023-05-23,5.5,0.33464445140806726,0.33464445140806726
2023-05-24,5.25,0.2431570146089948,0.2431570146089948
2023-05-30,20.5,5.823890659352413,5.823890659352413
2023-05-31,5.0,0.15166957780992238,0.15166957780992238
2023-06-01,3.25,-0.4887424797835847,-0.4887424797835847
2023-06-05,4.0,-0.21428016938636738,-0.21428016938636738
2023-06-06,7.25,0.9750565090015743,0.9750565090015743
2023-06-07,4.0,-0.21428016938636738,-0.21428016938636738
2023-06-08,3.75,-0.3057676061854398,-0.3057676061854398
2023-06-09,4.5,-0.0313052957882225,-0.0313052957882225
2023-06-12,3.75,-0.3057676061854398,-0.3057676061854398
2023-06-15,5.25,0.2431570146089948,0.2431570146089948
2023-06-16,4.75,0.060182141010849934,0.060182141010849934
2023-06-20,2.75,-0.6717173533817296,-0.6717173533817296
2023-06-21,5.5,0.33464445140806726,0.33464445140806726
2023-06-22,4.25,-0.12279273258729494,-0.12279273258729494
2023-06-23,8.5,1.4324936929969365,1.4324936929969365
2023-06-26,6.25,0.6091067618052846,0.6091067618052846
2023-06-27,2.5,-0.763204790180802,-0.763204790180802
2023-06-28,3.75,-0.3057676061854398,-0.3057676061854398
2023-07-05,4.5,-0.0313052957882225,-0.0313052957882225
2023-07-06,4.0,-0.21428016938636738,-0.21428016938636738
2023-07-10,3.75,-0.3057676061854398,-0.3057676061854398
2023-07-11,4.25,-0.12279273258729494,-0.12279273258729494
2023-07-14,5.5,0.33464445140806726,0.33464445140806726
2023-07-17,6.75,0.7920816354034295,0.7920816354034295
2023-07-18,5.75,0.42613188820713965,0.42613188820713965
2023-07-19,6.0,0.5176193250062121,0.5176193250062121
2023-07-20,5.5,0.33464445140806726,0.33464445140806726
2023-07-21,3.25,-0.4887424797835847,-0.4887424797835847
2023-07-24,6.0,0.5176193250062121,0.5176193250062121
2023-07-25,4.25,-0.12279273258729494,-0.12279273258729494
2023-07-26,3.0,-0.5802299165826571,-0.5802299165826571
2023-07-31,4.0,-0.21428016938636738,-0.21428016938636738
2023-08-01,3.5,-0.39725504298451225,-0.39725504298451225
2023-08-02,3.75,-0.3057676061854398,-0.3057676061854398
2023-08-03,5.75,0.42613188820713965,0.42613188820713965
2023-08-07,6.75,0.7920816354034295,0.7920816354034295
2023-08-08,6.5,0.700594198604357,0.700594198604357
2023-08-09,4.25,-0.12279273258729494,-0.12279273258729494
2023-08-14,3.25,-0.4887424797835847,-0.4887424797835847
2023-08-15,4.5,-0.0313052957882225,-0.0313052957882225
2023-08-16,4.5,-0.0313052957882225,-0.0313052957882225
2023-08-17,3.75,-0.3057676061854398,-0.3057676061854398
2023-08-18,4.75,0.060182141010849934,0.060182141010849934
2023-08-21,3.7559814453125,-0.303578697785462,-0.303578697785462
2023-08-22,4.5,-0.0313052957882225,-0.0313052957882225
2023-08-23,6.5,0.700594198604357,0.700594198604357
2023-08-24,3.75,-0.3057676061854398,-0.3057676061854398
2023-08-25,2.75,-0.6717173533817296,-0.6717173533817296
2023-08-28,3.75,-0.3057676061854398,-0.3057676061854398
2023-08-29,4.0,-0.21428016938636738,-0.21428016938636738
2023-09-05,8.75,1.5239811297960089,1.5239811297960089
2023-09-06,10.0,1.981418313791371,1.981418313791371
2023-09-07,8.75,1.5239811297960089,1.5239811297960089
2023-09-08,9.25,1.7069560033941538,1.7069560033941538
2023-09-11,8.5,1.4324936929969365,1.4324936929969365
2023-09-12,7.0,0.8835690722025018,0.8835690722025018
2023-09-15,11.5,2.5303429345858057,2.5303429345858057
2023-09-18,7.25,0.9750565090015743,0.9750565090015743
2023-09-19,2.25,-0.8546922269798745,-0.8546922269798745
2023-09-20,3.5,-0.39725504298451225,-0.39725504298451225
2023-09-21,3.0,-0.5802299165826571,-0.5802299165826571
2023-09-22,4.75,0.060182141010849934,0.060182141010849934
2023-09-25,4.75,0.060182141010849934,0.060182141010849934
2023-09-26,6.0,0.5176193250062121,0.5176193250062121
2023-09-27,3.75,-0.3057676061854398,-0.3057676061854398
2023-10-02,4.25,-0.12279273258729494,-0.12279273258729494
2023-10-03,4.5,-0.0313052957882225,-0.0313052957882225
2023-10-04,8.25,1.341006256197864,1.341006256197864
2023-10-05,4.75,0.060182141010849934,0.060182141010849934
2023-10-09,3.5,-0.39725504298451225,-0.39725504298451225
2023-10-10,5.0,0.15166957780992238,0.15166957780992238
2023-10-13,6.75,0.7920816354034295,0.7920816354034295
2023-10-16,4.75,0.060182141010849934,0.060182141010849934
2023-10-17,3.25,-0.4887424797835847,-0.4887424797835847
2023-10-18,5.5,0.33464445140806726,0.33464445140806726
2023-10-19,3.5,-0.39725504298451225,-0.39725504298451225
2023-10-20,3.75,-0.3057676061854398,-0.3057676061854398
2023-10-23,5.25,0.2431570146089948,0.2431570146089948
2023-10-24,6.75,0.7920816354034295,0.7920816354034295
2023-10-25,5.5,0.33464445140806726,0.33464445140806726
2023-10-30,5.0,0.15166957780992238,0.15166957780992238
2023-10-31,7.0,0.8835690722025018,0.8835690722025018
2023-11-01,3.25,-0.4887424797835847,-0.4887424797835847
2023-11-02,5.5,0.33464445140806726,0.33464445140806726
2023-11-06,2.75,-0.6717173533817296,-0.6717173533817296
2023-11-07,8.0,1.2495188193987916,1.2495188193987916
2023-11-08,3.75,-0.3057676061854398,-0.3057676061854398
2023-11-09,5.5,0.33464445140806726,0.33464445140806726
2023-11-10,5.25,0.2431570146089948,0.2431570146089948
2023-11-13,3.5,-0.39725504298451225,-0.39725504298451225
2023-11-16,2.5,-0.763204790180802,-0.763204790180802
2023-11-17,9.25,1.7069560033941538,1.7069560033941538
2023-11-20,3.75,-0.3057676061854398,-0.3057676061854398
2023-11-21,3.75,-0.3057676061854398,-0.3057676061854398
2023-11-22,5.5,0.33464445140806726,0.33464445140806726
2023-11-23,5.75,0.42613188820713965,0.42613188820713965
2023-11-27,3.7559814453125,-0.303578697785462,-0.303578697785462
2023-11-28,3.75,-0.3057676061854398,-0.3057676061854398
2023-12-01,4.5,-0.0313052957882225,-0.0313052957882225
2023-12-04,3.25,-0.4887424797835847,-0.4887424797835847
2023-12-05,3.5,-0.39725504298451225,-0.39725504298451225
2023-12-06,4.75,0.060182141010849934,0.060182141010849934
2023-12-07,5.25,0.2431570146089948,0.2431570146089948
2023-12-11,2.75,-0.6717173533817296,-0.6717173533817296
2023-12-14,7.75,1.1580313825997193,1.1580313825997193
2023-12-15,6.25,0.6091067618052846,0.6091067618052846
2023-12-18,3.25,-0.4887424797835847,-0.4887424797835847
2023-12-19,4.5,-0.0313052957882225,-0.0313052957882225
2023-12-20,3.75,-0.3057676061854398,-0.3057676061854398
2023-12-26,1.75,-1.0376671005780194,-1.0376671005780194
2023-12-27,2.25,-0.8546922269798745,-0.8546922269798745
2023-12-28,2.25,-0.8546922269798745,-0.8546922269798745
2023-12-29,6.0,0.5176193250062121,0.5176193250062121
2024-01-02,5.0,0.15166957780992238,0.15166957780992238
2024-01-03,4.75,0.060182141010849934,0.060182141010849934
2024-01-04,7.0,0.8835690722025018,0.8835690722025018
2024-01-08,5.75,0.42613188820713965,0.42613188820713965
2024-01-09,4.0,-0.21428016938636738,-0.21428016938636738
2024-01-10,5.75,0.42613188820713965,0.42613188820713965
2024-01-16,3.25,-0.4887424797835847,-0.4887424797835847
2024-01-17,4.0,-0.21428016938636738,-0.21428016938636738
2024-01-18,2.5,-0.763204790180802,-0.763204790180802
2024-01-19,4.75,0.060182141010849934,0.060182141010849934
2024-01-22,5.0,0.15166957780992238,0.15166957780992238
2024-01-23,4.75,0.060182141010849934,0.060182141010849934
2024-01-24,3.75,-0.3057676061854398,-0.3057676061854398
2024-01-29,4.0040283203125,-0.21280600658638232,-0.21280600658638232
2024-01-30,3.5,-0.39725504298451225,-0.39725504298451225
2024-01-31,4.25,-0.12279273258729494,-0.12279273258729494
2024-02-01,3.0,-0.5802299165826571,-0.5802299165826571
2024-02-05,4.75,0.060182141010849934,0.060182141010849934
2024-02-06,4.75,0.060182141010849934,0.060182141010849934
2024-02-07,4.5,-0.0313052957882225,-0.0313052957882225
2024-02-08,4.0,-0.21428016938636738,-0.21428016938636738
2024-02-12,3.75,-0.3057676061854398,-0.3057676061854398
2024-02-15,3.25,-0.4887424797835847,-0.4887424797835847
2024-02-20,4.25,-0.12279273258729494,-0.12279273258729494
2024-02-21,3.0,-0.5802299165826571,-0.5802299165826571
2024-02-22,2.75,-0.6717173533817296,-0.6717173533817296
2024-02-23,3.0,-0.5802299165826571,-0.5802299165826571
2024-02-26,3.5,-0.39725504298451225,-0.39725504298451225
2024-02-27,3.75,-0.3057676061854398,-0.3057676061854398
2024-03-01,15.75,4.085629360170037,4.085629360170037
2024-03-04,2.75,-0.6717173533817296,-0.6717173533817296
2024-03-05,3.5,-0.39725504298451225,-0.39725504298451225
2024-03-06,3.0,-0.5802299165826571,-0.5802299165826571
2024-03-07,2.75,-0.6717173533817296,-0.6717173533817296
2024-03-11,3.0,-0.5802299165826571,-0.5802299165826571
2024-03-13,3.5,-0.39725504298451225,-0.39725504298451225
2024-03-15,2.0,-0.9461796637789469,-0.9461796637789469
2024-03-18,2.5,-0.763204790180802,-0.763204790180802
2024-03-19,3.0,-0.5802299165826571,-0.5802299165826571
2024-03-20,2.5,-0.763204790180802,-0.763204790180802
2024-03-21,5.5,0.33464445140806726,0.33464445140806726
2024-03-22,1.5,-1.1291545373770917,-1.1291545373770917
2024-03-25,3.0,-0.5802299165826571,-0.5802299165826571
2024-03-26,2.25,-0.8546922269798745,-0.8546922269798745
2024-03-27,2.0,-0.9461796637789469,-0.9461796637789469
2024-04-01,2.5,-0.763204790180802,-0.763204790180802
2024-04-02,5.0,0.15166957780992238,0.15166957780992238
2024-04-03,3.5,-0.39725504298451225,-0.39725504298451225
2024-04-04,2.0,-0.9461796637789469,-0.9461796637789469
2024-04-08,3.5,-0.39725504298451225,-0.39725504298451225
2024-04-09,3.75,-0.3057676061854398,-0.3057676061854398
2024-04-12,4.75,0.060182141010849934,0.060182141010849934
2024-04-15,3.75,-0.3057676061854398,-0.3057676061854398
2024-04-16,5.0,0.15166957780992238,0.15166957780992238
2024-04-17,5.75,0.42613188820713965,0.42613188820713965
2024-04-18,3.0,-0.5802299165826571,-0.5802299165826571
2024-04-19,6.75,0.7920816354034295,0.7920816354034295
2024-04-22,3.5,-0.39725504298451225,-0.39725504298451225
2024-04-23,3.25,-0.4887424797835847,-0.4887424797835847
2024-04-24,2.5,-0.763204790180802,-0.763204790180802
2024-04-29,4.0,-0.21428016938636738,-0.21428016938636738
2024-04-30,3.5,-0.39725504298451225,-0.39725504298451225
2024-05-01,2.25,-0.8546922269798745,-0.8546922269798745
2024-05-02,3.25,-0.4887424797835847,-0.4887424797835847
2024-05-06,4.25,-0.12279273258729494,-0.12279273258729494
2024-05-07,3.5,-0.39725504298451225,-0.39725504298451225
2024-05-08,2.75,-0.6717173533817296,-0.6717173533817296
2024-05-09,2.25,-0.8546922269798745,-0.8546922269798745
2024-05-10,2.25,-0.8546922269798745,-0.8546922269798745
2024-05-13,2.0,-0.9461796637789469,-0.9461796637789469
2024-05-16,3.25,-0.4887424797835847,-0.4887424797835847
2024-05-17,3.0,-0.5802299165826571,-0.5802299165826571
2024-05-20,2.0,-0.9461796637789469,-0.9461796637789469
2024-05-21,3.0,-0.5802299165826571,-0.5802299165826571
2024-05-22,4.0,-0.21428016938636738,-0.21428016938636738
2024-05-23,4.25,-0.12279273258729494,-0.12279273258729494
2024-05-24,1.5,-1.1291545373770917,-1.1291545373770917
2024-05-28,2.25,-0.8546922269798745,-0.8546922269798745
2024-05-29,2.25,-0.8546922269798745,-0.8546922269798745
2024-06-03,3.25,-0.4887424797835847,-0.4887424797835847
2024-06-04,4.0,-0.21428016938636738,-0.21428016938636738
2024-06-05,2.5,-0.763204790180802,-0.763204790180802
2024-06-06,2.5,-0.763204790180802,-0.763204790180802
2024-06-10,2.5,-0.763204790180802,-0.763204790180802
2024-06-11,4.5,-0.0313052957882225,-0.0313052957882225
2024-06-14,8.25,1.341006256197864,1.341006256197864
2024-06-17,2.75,-0.6717173533817296,-0.6717173533817296
2024-06-18,4.0,-0.21428016938636738,-0.21428016938636738
2024-06-20,2.5,-0.763204790180802,-0.763204790180802
2024-06-21,5.0,0.15166957780992238,0.15166957780992238
2024-06-24,2.75,-0.6717173533817296,-0.6717173533817296
2024-06-25,3.25,-0.4887424797835847,-0.4887424797835847
2024-06-26,2.5,-0.763204790180802,-0.763204790180802
2024-07-01,3.5,-0.39725504298451225,-0.39725504298451225
2024-07-02,2.5,-0.763204790180802,-0.763204790180802
2024-07-08,3.25,-0.4887424797835847,-0.4887424797835847
2024-07-09,1.75,-1.0376671005780194,-1.0376671005780194
2024-07-10,3.75,-0.3057676061854398,-0.3057676061854398
2024-07-15,4.25,-0.12279273258729494,-0.12279273258729494
2024-07-16,4.5,-0.0313052957882225,-0.0313052957882225
2024-07-17,3.0,-0.5802299165826571,-0.5802299165826571
2024-07-18,3.0,-0.5802299165826571,-0.5802299165826571
2024-07-19,4.0,-0.21428016938636738,-0.21428016938636738
2024-07-22,4.0,-0.21428016938636738,-0.21428016938636738
2024-07-23,3.25,-0.4887424797835847,-0.4887424797835847
2024-07-24,3.5,-0.39725504298451225,-0.39725504298451225
2024-07-29,2.75,-0.6717173533817296,-0.6717173533817296
2024-07-30,2.25,-0.8546922269798745,-0.8546922269798745
2024-07-31,2.5,-0.763204790180802,-0.763204790180802
2024-08-01,1.75,-1.0376671005780194,-1.0376671005780194
2024-08-05,12.75,2.987780118581168,2.987780118581168
2024-08-06,5.75,0.42613188820713965,0.42613188820713965
2024-08-07,5.25,0.2431570146089948,0.2431570146089948
2024-08-08,3.75,-0.3057676061854398,-0.3057676061854398
2024-08-09,2.5,-0.763204790180802,-0.763204790180802
2024-08-12,3.25,-0.4887424797835847,-0.4887424797835847
2024-08-15,2.25,-0.8546922269798745,-0.8546922269798745
2024-08-16,5.25,0.2431570146089948,0.2431570146089948
2024-08-19,3.0,-0.5802299165826571,-0.5802299165826571
2024-08-20,3.0,-0.5802299165826571,-0.5802299165826571
2024-08-22,5.0,0.15166957780992238,0.15166957780992238
2024-08-23,2.5,-0.763204790180802,-0.763204790180802
2024-08-26,2.5,-0.763204790180802,-0.763204790180802
2024-08-27,3.75,-0.3057676061854398,-0.3057676061854398
2024-08-28,11.5,2.5303429345858057,2.5303429345858057
2024-09-03,9.75,1.8899308769922987,1.8899308769922987
2024-09-04,11.0,2.347368060987661,2.347368060987661
2024-09-05,11.0,2.347368060987661,2.347368060987661
2024-09-09,9.75,1.8899308769922987,1.8899308769922987
2024-09-10,10.25,2.0729057505904436,2.0729057505904436
2024-09-13,10.0,1.981418313791371,1.981418313791371
2024-09-16,9.75,1.8899308769922987,1.8899308769922987
2024-09-17,3.25,-0.4887424797835847,-0.4887424797835847
2024-09-18,3.5,-0.39725504298451225,-0.39725504298451225
2024-09-19,4.25,-0.12279273258729494,-0.12279273258729494
2024-09-20,3.75,-0.3057676061854398,-0.3057676061854398
2024-09-23,4.0,-0.21428016938636738,-0.21428016938636738
2024-09-24,5.0,0.15166957780992238,0.15166957780992238
2024-09-25,3.75,-0.3057676061854398,-0.3057676061854398
2024-09-30,4.25,-0.12279273258729494,-0.12279273258729494
2024-10-01,5.75,0.42613188820713965,0.42613188820713965
2024-10-02,4.25,-0.12279273258729494,-0.12279273258729494
2024-10-03,2.75,-0.6717173533817296,-0.6717173533817296
2024-10-07,6.0,0.5176193250062121,0.5176193250062121
2024-10-08,3.75,-0.3057676061854398,-0.3057676061854398
2024-10-09,2.0,-0.9461796637789469,-0.9461796637789469
2024-10-14,3.5,-0.39725504298451225,-0.39725504298451225
2024-10-15,3.5,-0.39725504298451225,-0.39725504298451225
2024-10-16,3.5,-0.39725504298451225,-0.39725504298451225
2024-10-17,1.75,-1.0376671005780194,-1.0376671005780194
2024-10-18,2.75,-0.6717173533817296,-0.6717173533817296
2024-10-21,6.5,0.700594198604357,0.700594198604357
2024-10-22,2.0,-0.9461796637789469,-0.9461796637789469
2024-10-23,2.0,-0.9461796637789469,-0.9461796637789469
2024-10-24,4.25,-0.12279273258729494,-0.12279273258729494
2024-10-25,3.0,-0.5802299165826571,-0.5802299165826571
2024-10-28,4.25,-0.12279273258729494,-0.12279273258729494
2024-10-29,5.25,0.2431570146089948,0.2431570146089948
2024-11-04,4.25,-0.12279273258729494,-0.12279273258729494
2024-11-05,3.5,-0.39725504298451225,-0.39725504298451225
2024-11-06,10.25,2.0729057505904436,2.0729057505904436
2024-11-07,5.25,0.2431570146089948,0.2431570146089948
2024-11-08,5.5,0.33464445140806726,0.33464445140806726
2024-11-11,3.5,-0.39725504298451225,-0.39725504298451225
2024-11-12,5.0,0.15166957780992238,0.15166957780992238
2024-11-15,5.25,0.2431570146089948,0.2431570146089948
2024-11-18,4.75,0.060182141010849934,0.060182141010849934
2024-11-19,7.75,1.1580313825997193,1.1580313825997193
2024-11-20,3.5,-0.39725504298451225,-0.39725504298451225
2024-11-21,4.0,-0.21428016938636738,-0.21428016938636738
2024-11-22,4.25,-0.12279273258729494,-0.12279273258729494
2024-11-25,4.25,-0.12279273258729494,-0.12279273258729494
2024-11-26,2.5,-0.763204790180802,-0.763204790180802
2024-12-02,5.5,0.33464445140806726,0.33464445140806726
2024-12-03,4.75,0.060182141010849934,0.060182141010849934
2024-12-04,6.0,0.5176193250062121,0.5176193250062121
2024-12-05,5.25,0.2431570146089948,0.2431570146089948
2024-12-09,5.75,0.42613188820713965,0.42613188820713965
2024-12-10,6.75,0.7920816354034295,0.7920816354034295
2024-12-13,3.75,-0.3057676061854398,-0.3057676061854398
2024-12-16,2.25,-0.8546922269798745,-0.8546922269798745
2024-12-17,5.0,0.15166957780992238,0.15166957780992238
2024-12-18,3.25,-0.4887424797835847,-0.4887424797835847
2024-12-23,3.0,-0.5802299165826571,-0.5802299165826571
2024-12-26,1.75,-1.0376671005780194,-1.0376671005780194
2024-12-27,4.5,-0.0313052957882225,-0.0313052957882225
2024-12-30,3.5,-0.39725504298451225,-0.39725504298451225
2024-12-31,2.5,-0.763204790180802,-0.763204790180802
2025-01-02,6.5,0.700594198604357,0.700594198604357
2025-01-03,2.75,-0.6717173533817296,-0.6717173533817296
2025-01-06,5.75,0.42613188820713965,0.42613188820713965
2025-01-07,3.75,-0.3057676061854398,-0.3057676061854398
2025-01-08,4.0,-0.21428016938636738,-0.21428016938636738
2025-01-09,2.75,-0.6717173533817296,-0.6717173533817296
2025-01-13,2.25,-0.8546922269798745,-0.8546922269798745
2025-01-16,2.75,-0.6717173533817296,-0.6717173533817296
2025-01-17,3.0,-0.5802299165826571,-0.5802299165826571
2025-01-20,3.0,-0.5802299165826571,-0.5802299165826571
2025-01-21,6.75,0.7920816354034295,0.7920816354034295
2025-01-22,3.75,-0.3057676061854398,-0.3057676061854398
2025-01-23,4.5,-0.0313052957882225,-0.0313052957882225
2025-01-24,4.0,-0.21428016938636738,-0.21428016938636738
2025-01-27,11.25,2.4388554977867334,2.4388554977867334
2025-01-28,3.75,-0.3057676061854398,-0.3057676061854398
2025-01-29,2.75,-0.6717173533817296,-0.6717173533817296
2025-02-03,5.25,0.2431570146089948,0.2431570146089948
2025-02-04,4.5,-0.0313052957882225,-0.0313052957882225
2025-02-05,4.5,-0.0313052957882225,-0.0313052957882225
2025-02-06,2.75,-0.6717173533817296,-0.6717173533817296
2025-02-10,3.0,-0.5802299165826571,-0.5802299165826571
2025-02-11,3.5,-0.39725504298451225,-0.39725504298451225
2025-02-14,2.75,-0.6717173533817296,-0.6717173533817296
2025-02-17,2.0,-0.9461796637789469,-0.9461796637789469
2025-02-18,1.75,-1.0376671005780194,-1.0376671005780194
2025-02-19,2.5,-0.763204790180802,-0.763204790180802
2025-02-20,2.75,-0.6717173533817296,-0.6717173533817296
2025-02-21,3.0,-0.5802299165826571,-0.5802299165826571
2025-02-24,2.5,-0.763204790180802,-0.763204790180802
2025-02-25,5.75,0.42613188820713965,0.42613188820713965
2025-02-26,3.75,-0.3057676061854398,-0.3057676061854398
2025-03-03,4.25,-0.12279273258729494,-0.12279273258729494
2025-03-04,5.75,0.42613188820713965,0.42613188820713965
2025-03-05,5.0,0.15166957780992238,0.15166957780992238
2025-03-06,5.0,0.15166957780992238,0.15166957780992238
2025-03-10,6.5,0.700594198604357,0.700594198604357
2025-03-11,5.75,0.42613188820713965,0.42613188820713965
2025-03-14,2.75,-0.6717173533817296,-0.6717173533817296
2025-03-17,3.25,-0.4887424797835847,-0.4887424797835847
2025-03-18,3.75,-0.3057676061854398,-0.3057676061854398
2025-03-19,3.25,-0.4887424797835847,-0.4887424797835847
2025-03-20,5.25,0.2431570146089948,0.2431570146089948
2025-03-21,4.5,-0.0313052957882225,-0.0313052957882225
2025-03-24,2.25,-0.8546922269798745,-0.8546922269798745
2025-03-25,4.75,0.060182141010849934,0.060182141010849934
2025-03-26,3.25,-0.4887424797835847,-0.4887424797835847
2025-03-31,3.5,-0.39725504298451225,-0.39725504298451225
2025-04-01,4.5,-0.0313052957882225,-0.0313052957882225
2025-04-02,6.25,0.6091067618052846,0.6091067618052846
2025-04-03,5.25,0.2431570146089948,0.2431570146089948
2025-04-04,15.0,3.81116704977282,3.81116704977282
2025-04-07,16.0,4.177116796969109,4.177116796969109
2025-04-08,6.0,0.5176193250062121,0.5176193250062121
2025-04-09,15.5,3.9941419233709645,3.9941419233709645
2025-04-14,6.75,0.7920816354034295,0.7920816354034295
2025-04-15,5.25,0.2431570146089948,0.2431570146089948
2025-04-16,5.5,0.33464445140806726,0.33464445140806726
2025-04-17,3.5,-0.39725504298451225,-0.39725504298451225
2025-04-21,3.75,-0.3057676061854398,-0.3057676061854398
2025-04-22,3.75,-0.3057676061854398,-0.3057676061854398
2025-04-23,5.5,0.33464445140806726,0.33464445140806726
2025-04-24,3.5,-0.39725504298451225,-0.39725504298451225
2025-04-25,4.25,-0.12279273258729494,-0.12279273258729494
2025-04-28,4.5,-0.0313052957882225,-0.0313052957882225
2025-04-29,3.75,-0.3057676061854398,-0.3057676061854398
2025-05-01,5.0,0.15166957780992238,0.15166957780992238
2025-05-05,2.0,-0.9461796637789469,-0.9461796637789469
2025-05-06,3.25,-0.4887424797835847,-0.4887424797835847
2025-05-07,3.25,-0.4887424797835847,-0.4887424797835847
2025-05-08,3.25,-0.4887424797835847,-0.4887424797835847
2025-05-09,3.0,-0.5802299165826571,-0.5802299165826571
2025-05-12,8.5,1.4324936929969365,1.4324936929969365
2025-05-14,3.25,-0.4887424797835847,-0.4887424797835847
2025-05-16,3.5,-0.39725504298451225,-0.39725504298451225
2025-05-19,5.25,0.2431570146089948,0.2431570146089948
2025-05-20,4.25,-0.12279273258729494,-0.12279273258729494
2025-05-21,4.0,-0.21428016938636738,-0.21428016938636738
2025-05-22,3.5,-0.39725504298451225,-0.39725504298451225
2025-05-23,3.5,-0.39725504298451225,-0.39725504298451225
2025-05-26,2.5,-0.763204790180802,-0.763204790180802
2025-05-27,3.25,-0.4887424797835847,-0.4887424797835847
2025-05-28,2.0,-0.9461796637789469,-0.9461796637789469
2025-06-02,4.0,-0.21428016938636738,-0.21428016938636738
2025-06-03,3.25,-0.4887424797835847,-0.4887424797835847
2025-06-04,2.75,-0.6717173533817296,-0.6717173533817296
2025-06-05,3.0,-0.5802299165826571,-0.5802299165826571
2025-06-09,2.75,-0.6717173533817296,-0.6717173533817296
2025-06-10,4.25,-0.12279273258729494,-0.12279273258729494
2025-06-13,7.5,1.0665439458006467,1.0665439458006467
2025-06-16,5.0,0.15166957780992238,0.15166957780992238
2025-06-17,3.25,-0.4887424797835847,-0.4887424797835847
2025-06-18,4.5,-0.0313052957882225,-0.0313052957882225
2025-06-19,3.75,-0.3057676061854398,-0.3057676061854398
2025-06-20,5.75,0.42613188820713965,0.42613188820713965
2025-06-23,3.0,-0.5802299165826571,-0.5802299165826571
2025-06-24,3.75,-0.3057676061854398,-0.3057676061854398
2025-06-25,3.25,-0.4887424797835847,-0.4887424797835847
2025-06-30,5.0,0.15166957780992238,0.15166957780992238
2025-07-01,3.25,-0.4887424797835847,-0.4887424797835847
2025-07-02,4.25,-0.12279273258729494,-0.12279273258729494
2025-07-04,4.5,-0.0313052957882225,-0.0313052957882225
2025-07-07,3.5,-0.39725504298451225,-0.39725504298451225
2025-07-08,4.0,-0.21428016938636738,-0.21428016938636738
2025-07-09,2.75,-0.6717173533817296,-0.6717173533817296
2025-07-10,2.75,-0.6717173533817296,-0.6717173533817296
2025-07-11,3.75,-0.3057676061854398,-0.3057676061854398
2025-07-14,1.75,-1.0376671005780194,-1.0376671005780194
2025-07-17,2.75,-0.6717173533817296,-0.6717173533817296
2025-07-18,2.25,-0.8546922269798745,-0.8546922269798745
2025-07-21,5.25,0.2431570146089948,0.2431570146089948
2025-07-22,3.0,-0.5802299165826571,-0.5802299165826571
2025-07-23,2.25,-0.8546922269798745,-0.8546922269798745
2025-07-24,1.75,-1.0376671005780194,-1.0376671005780194
2025-07-25,3.75,-0.3057676061854398,-0.3057676061854398
2025-07-28,3.75,-0.3057676061854398,-0.3057676061854398
2025-07-29,2.75,-0.6717173533817296,-0.6717173533817296
2025-08-04,3.75,-0.3057676061854398,-0.3057676061854398
2025-08-05,2.0059814453125,-0.943990755378969,-0.943990755378969
2025-08-06,2.5,-0.763204790180802,-0.763204790180802
2025-08-07,2.25,-0.8546922269798745,-0.8546922269798745
2025-08-08,1.5,-1.1291545373770917,-1.1291545373770917
2025-08-11,2.0,-0.9461796637789469,-0.9461796637789469
2025-08-13,4.5,-0.0313052957882225,-0.0313052957882225
2025-08-15,2.75,-0.6717173533817296,-0.6717173533817296
2025-08-18,3.0,-0.5802299165826571,-0.5802299165826571
2025-08-19,2.5,-0.763204790180802,-0.763204790180802
2025-08-20,3.25,-0.4887424797835847,-0.4887424797835847
2025-08-21,2.5,-0.763204790180802,-0.763204790180802
2025-08-22,2.0,-0.9461796637789469,-0.9461796637789469
2025-08-25,2.25,-0.8546922269798745,-0.8546922269798745
2025-08-26,2.25,-0.8546922269798745,-0.8546922269798745
2025-08-27,2.5,-0.763204790180802,-0.763204790180802
2025-09-02,5.25,0.2431570146089948,0.2431570146089948
2025-09-03,2.5,-0.763204790180802,-0.763204790180802
2025-09-04,3.25,-0.4887424797835847,-0.4887424797835847
2025-09-08,3.258056640625,-0.48579415418361455,-0.48579415418361455
2025-09-12,2.5,-0.763204790180802,-0.763204790180802
2025-09-15,3.5,-0.39725504298451225,-0.39725504298451225
2025-09-16,2.25,-0.8546922269798745,-0.8546922269798745
2025-09-17,2.5,-0.763204790180802,-0.763204790180802
2025-09-18,3.25,-0.4887424797835847,-0.4887424797835847
2025-09-19,2.75,-0.6717173533817296,-0.6717173533817296
2025-09-22,2.5,-0.763204790180802,-0.763204790180802
2025-09-23,2.5,-0.763204790180802,-0.763204790180802
2025-09-24,2.25,-0.8546922269798745,-0.8546922269798745
2025-09-29,2.5,-0.763204790180802,-0.763204790180802
2025-09-30,2.75,-0.6717173533817296,-0.6717173533817296
2025-10-01,2.5,-0.763204790180802,-0.763204790180802
2025-10-02,2.5,-0.763204790180802,-0.763204790180802
2025-10-06,4.0,-0.21428016938636738,-0.21428016938636738
2025-10-07,2.5,-0.763204790180802,-0.763204790180802
2025-10-08,2.75,-0.6717173533817296,-0.6717173533817296
2025-10-09,2.5,-0.763204790180802,-0.763204790180802
2025-10-10,2.5,-0.763204790180802,-0.763204790180802
2025-10-13,2.25,-0.8546922269798745,-0.8546922269798745
2025-10-14,5.75,0.42613188820713965,0.42613188820713965
