Date,"Volatility of Returns (Session:US Close 15-17 ET, Interval:1h, Symbol:ZN)",ZScore wrt All Days,ZScore wrt Given Days
2022-12-20,1.75,-0.4203671251352038,-0.4203671251352038
2022-12-21,2.0,-0.29019604023940143,-0.29019604023940143
2022-12-27,2.5,-0.029853870447796603,-0.029853870447796603
2022-12-28,2.0,-0.29019604023940143,-0.29019604023940143
2022-12-29,2.75,0.1003172144480058,0.1003172144480058
2022-12-30,2.5,-0.029853870447796603,-0.029853870447796603
2023-01-03,5.75,1.6623702331976347,1.6623702331976347
2023-01-04,4.0,0.7511726389270178,0.7511726389270178
2023-01-05,2.5,-0.029853870447796603,-0.029853870447796603
2023-01-09,3.0,0.2304882993438082,0.2304882993438082
2023-01-10,2.5,-0.029853870447796603,-0.029853870447796603
2023-01-11,3.75,0.6210015540312155,0.6210015540312155
2023-01-13,2.25,-0.160024955343599,-0.160024955343599
2023-01-17,2.0,-0.29019604023940143,-0.29019604023940143
2023-01-19,2.25,-0.160024955343599,-0.160024955343599
2023-01-20,1.75,-0.4203671251352038,-0.4203671251352038
2023-01-23,1.5,-0.5505382100310062,-0.5505382100310062
2023-01-24,1.75,-0.4203671251352038,-0.4203671251352038
2023-01-25,2.75,0.1003172144480058,0.1003172144480058
2023-01-30,2.25,-0.160024955343599,-0.160024955343599
2023-01-31,5.0,1.2718569785102274,1.2718569785102274
2023-02-01,4.5,1.0115148087186228,1.0115148087186228
2023-02-02,2.75,0.1003172144480058,0.1003172144480058
2023-02-06,3.5,0.490830469135413,0.490830469135413
2023-02-07,2.0,-0.29019604023940143,-0.29019604023940143
2023-02-08,4.0,0.7511726389270178,0.7511726389270178
2023-02-09,3.25,0.36065938423961064,0.36065938423961064
2023-02-10,1.0,-0.8108803798226111,-0.8108803798226111
2023-02-13,2.25,-0.160024955343599,-0.160024955343599
2023-02-15,2.5,-0.029853870447796603,-0.029853870447796603
2023-02-17,1.5,-0.5505382100310062,-0.5505382100310062
2023-02-21,2.0,-0.29019604023940143,-0.29019604023940143
2023-02-22,2.25,-0.160024955343599,-0.160024955343599
2023-02-27,9.25,3.4847654217388686,3.4847654217388686
2023-02-28,10.75,4.265791931113683,4.265791931113683
2023-03-01,9.25,3.4847654217388686,3.4847654217388686
2023-03-02,8.5,3.094252167051461,3.094252167051461
2023-03-03,7.75,2.703738912364054,2.703738912364054
2023-03-06,9.25,3.4847654217388686,3.4847654217388686
2023-03-07,2.0,-0.29019604023940143,-0.29019604023940143
2023-03-08,2.75,0.1003172144480058,0.1003172144480058
2023-03-09,4.5,1.0115148087186228,1.0115148087186228
2023-03-13,8.25,2.964081082155659,2.964081082155659
2023-03-16,5.0,1.2718569785102274,1.2718569785102274
2023-03-17,7.0,2.3132256576766466,2.3132256576766466
2023-03-20,4.75,1.141685893614425,1.141685893614425
2023-03-21,2.75,0.1003172144480058,0.1003172144480058
2023-03-22,11.0,4.395963016009485,4.395963016009485
2023-03-23,8.0,2.8339099972598563,2.8339099972598563
2023-03-24,2.5,-0.029853870447796603,-0.029853870447796603
2023-03-27,2.5,-0.029853870447796603,-0.029853870447796603
2023-03-28,4.75,1.141685893614425,1.141685893614425
2023-03-29,2.0,-0.29019604023940143,-0.29019604023940143
2023-04-03,1.75,-0.4203671251352038,-0.4203671251352038
2023-04-04,2.25,-0.160024955343599,-0.160024955343599
2023-04-05,3.75,0.6210015540312155,0.6210015540312155
2023-04-06,2.25,-0.160024955343599,-0.160024955343599
2023-04-10,1.0,-0.8108803798226111,-0.8108803798226111
2023-04-11,1.75,-0.4203671251352038,-0.4203671251352038
2023-04-14,2.0,-0.29019604023940143,-0.29019604023940143
2023-04-17,2.25,-0.160024955343599,-0.160024955343599
2023-04-18,1.5,-0.5505382100310062,-0.5505382100310062
2023-04-19,2.5,-0.029853870447796603,-0.029853870447796603
2023-04-20,1.0,-0.8108803798226111,-0.8108803798226111
2023-04-21,1.25,-0.6807092949268087,-0.6807092949268087
2023-04-24,3.75,0.6210015540312155,0.6210015540312155
2023-04-25,3.5,0.490830469135413,0.490830469135413
2023-04-26,3.75,0.6210015540312155,0.6210015540312155
2023-05-01,4.0,0.7511726389270178,0.7511726389270178
2023-05-02,2.0,-0.29019604023940143,-0.29019604023940143
2023-05-03,11.5,4.65630518580109,4.65630518580109
2023-05-04,5.25,1.4020280634060298,1.4020280634060298
2023-05-08,2.0,-0.29019604023940143,-0.29019604023940143
2023-05-09,2.0,-0.29019604023940143,-0.29019604023940143
2023-05-12,1.2540283203122726,-0.6786118116253833,-0.6786118116253833
2023-05-15,1.75,-0.4203671251352038,-0.4203671251352038
2023-05-16,2.75,0.1003172144480058,0.1003172144480058
2023-05-17,1.75,-0.4203671251352038,-0.4203671251352038
2023-05-18,2.25,-0.160024955343599,-0.160024955343599
2023-05-19,3.25,0.36065938423961064,0.36065938423961064
2023-05-22,1.5,-0.5505382100310062,-0.5505382100310062
2023-05-23,2.25,-0.160024955343599,-0.160024955343599
2023-05-24,4.0,0.7511726389270178,0.7511726389270178
2023-05-30,2.75,0.1003172144480058,0.1003172144480058
2023-05-31,4.25,0.8813437238228202,0.8813437238228202
2023-06-01,1.75,-0.4203671251352038,-0.4203671251352038
2023-06-05,1.75,-0.4203671251352038,-0.4203671251352038
2023-06-06,4.5,1.0115148087186228,1.0115148087186228
2023-06-07,2.75,0.1003172144480058,0.1003172144480058
2023-06-08,2.25,-0.160024955343599,-0.160024955343599
2023-06-09,1.75,-0.4203671251352038,-0.4203671251352038
2023-06-12,3.5,0.490830469135413,0.490830469135413
2023-06-15,2.0,-0.29019604023940143,-0.29019604023940143
2023-06-16,2.0,-0.29019604023940143,-0.29019604023940143
2023-06-20,2.5,-0.029853870447796603,-0.029853870447796603
2023-06-21,2.0,-0.29019604023940143,-0.29019604023940143
2023-06-22,1.5,-0.5505382100310062,-0.5505382100310062
2023-06-23,1.25,-0.6807092949268087,-0.6807092949268087
2023-06-26,1.5,-0.5505382100310062,-0.5505382100310062
2023-06-27,1.5,-0.5505382100310062,-0.5505382100310062
2023-06-28,1.25,-0.6807092949268087,-0.6807092949268087
2023-07-05,2.25,-0.160024955343599,-0.160024955343599
2023-07-06,3.25,0.36065938423961064,0.36065938423961064
2023-07-10,1.75,-0.4203671251352038,-0.4203671251352038
2023-07-11,1.75,-0.4203671251352038,-0.4203671251352038
2023-07-14,2.25,-0.160024955343599,-0.160024955343599
2023-07-17,2.0,-0.29019604023940143,-0.29019604023940143
2023-07-18,2.0,-0.29019604023940143,-0.29019604023940143
2023-07-19,1.75,-0.4203671251352038,-0.4203671251352038
2023-07-20,2.25,-0.160024955343599,-0.160024955343599
2023-07-21,1.25,-0.6807092949268087,-0.6807092949268087
2023-07-24,3.5,0.490830469135413,0.490830469135413
2023-07-25,4.75,1.141685893614425,1.141685893614425
2023-07-26,4.0,0.7511726389270178,0.7511726389270178
2023-07-31,3.0,0.2304882993438082,0.2304882993438082
2023-08-01,3.5,0.490830469135413,0.490830469135413
2023-08-02,2.25,-0.160024955343599,-0.160024955343599
2023-08-03,2.25,-0.160024955343599,-0.160024955343599
2023-08-07,3.5,0.490830469135413,0.490830469135413
2023-08-08,1.5,-0.5505382100310062,-0.5505382100310062
2023-08-09,2.0,-0.29019604023940143,-0.29019604023940143
2023-08-14,2.75,0.1003172144480058,0.1003172144480058
2023-08-15,1.75,-0.4203671251352038,-0.4203671251352038
2023-08-16,2.75,0.1003172144480058,0.1003172144480058
2023-08-17,3.5,0.490830469135413,0.490830469135413
2023-08-18,2.0,-0.29019604023940143,-0.29019604023940143
2023-08-21,1.5,-0.5505382100310062,-0.5505382100310062
2023-08-22,1.25,-0.6807092949268087,-0.6807092949268087
2023-08-23,2.0,-0.29019604023940143,-0.29019604023940143
2023-08-24,2.25,-0.160024955343599,-0.160024955343599
2023-08-25,2.5,-0.029853870447796603,-0.029853870447796603
2023-08-28,1.5,-0.5505382100310062,-0.5505382100310062
2023-08-29,2.0,-0.29019604023940143,-0.29019604023940143
2023-09-05,8.5,3.094252167051461,3.094252167051461
2023-09-06,8.0,2.8339099972598563,2.8339099972598563
2023-09-08,7.25,2.443396742572449,2.443396742572449
2023-09-11,6.25,1.9227124029892395,1.9227124029892395
2023-09-12,7.5,2.5735678274682514,2.5735678274682514
2023-09-15,2.0,-0.29019604023940143,-0.29019604023940143
2023-09-18,2.0,-0.29019604023940143,-0.29019604023940143
2023-09-19,1.25,-0.6807092949268087,-0.6807092949268087
2023-09-20,8.0,2.8339099972598563,2.8339099972598563
2023-09-21,2.0,-0.29019604023940143,-0.29019604023940143
2023-09-22,1.75,-0.4203671251352038,-0.4203671251352038
2023-09-25,2.0,-0.29019604023940143,-0.29019604023940143
2023-09-26,2.75,0.1003172144480058,0.1003172144480058
2023-09-27,2.75,0.1003172144480058,0.1003172144480058
2023-10-02,1.75,-0.4203671251352038,-0.4203671251352038
2023-10-03,2.25,-0.160024955343599,-0.160024955343599
2023-10-04,2.0,-0.29019604023940143,-0.29019604023940143
2023-10-05,2.0,-0.29019604023940143,-0.29019604023940143
2023-10-09,2.0,-0.29019604023940143,-0.29019604023940143
2023-10-10,2.0,-0.29019604023940143,-0.29019604023940143
2023-10-13,1.5,-0.5505382100310062,-0.5505382100310062
2023-10-16,1.25,-0.6807092949268087,-0.6807092949268087
2023-10-17,2.25,-0.160024955343599,-0.160024955343599
2023-10-18,1.75,-0.4203671251352038,-0.4203671251352038
2023-10-19,2.0,-0.29019604023940143,-0.29019604023940143
2023-10-20,2.25,-0.160024955343599,-0.160024955343599
2023-10-23,2.5,-0.029853870447796603,-0.029853870447796603
2023-10-24,2.75,0.1003172144480058,0.1003172144480058
2023-10-25,3.0,0.2304882993438082,0.2304882993438082
2023-10-30,4.0,0.7511726389270178,0.7511726389270178
2023-10-31,5.5,1.5321991483018322,1.5321991483018322
2023-11-01,5.75,1.6623702331976347,1.6623702331976347
2023-11-02,1.75,-0.4203671251352038,-0.4203671251352038
2023-11-06,2.5,-0.029853870447796603,-0.029853870447796603
2023-11-07,2.0,-0.29019604023940143,-0.29019604023940143
2023-11-08,2.75,0.1003172144480058,0.1003172144480058
2023-11-09,2.75,0.1003172144480058,0.1003172144480058
2023-11-10,4.25,0.8813437238228202,0.8813437238228202
2023-11-13,1.75,-0.4203671251352038,-0.4203671251352038
2023-11-16,2.75,0.1003172144480058,0.1003172144480058
2023-11-17,1.5,-0.5505382100310062,-0.5505382100310062
2023-11-20,1.25,-0.6807092949268087,-0.6807092949268087
2023-11-21,2.25,-0.160024955343599,-0.160024955343599
2023-11-22,1.5,-0.5505382100310062,-0.5505382100310062
2023-11-27,1.25,-0.6807092949268087,-0.6807092949268087
2023-11-28,2.0,-0.29019604023940143,-0.29019604023940143
2023-12-01,4.0,0.7511726389270178,0.7511726389270178
2023-12-04,4.25,0.8813437238228202,0.8813437238228202
2023-12-05,2.0,-0.29019604023940143,-0.29019604023940143
2023-12-06,3.0,0.2304882993438082,0.2304882993438082
2023-12-07,3.0,0.2304882993438082,0.2304882993438082
2023-12-11,1.25,-0.6807092949268087,-0.6807092949268087
2023-12-14,3.25,0.36065938423961064,0.36065938423961064
2023-12-15,2.25,-0.160024955343599,-0.160024955343599
2023-12-18,3.0,0.2304882993438082,0.2304882993438082
2023-12-19,1.25,-0.6807092949268087,-0.6807092949268087
2023-12-20,3.5,0.490830469135413,0.490830469135413
2023-12-26,2.0,-0.29019604023940143,-0.29019604023940143
2023-12-27,1.5,-0.5505382100310062,-0.5505382100310062
2023-12-28,1.5,-0.5505382100310062,-0.5505382100310062
2023-12-29,1.75,-0.4203671251352038,-0.4203671251352038
2024-01-02,2.0,-0.29019604023940143,-0.29019604023940143
2024-01-03,2.25,-0.160024955343599,-0.160024955343599
2024-01-04,1.25,-0.6807092949268087,-0.6807092949268087
2024-01-08,4.25,0.8813437238228202,0.8813437238228202
2024-01-09,1.25,-0.6807092949268087,-0.6807092949268087
2024-01-10,1.75,-0.4203671251352038,-0.4203671251352038
2024-01-16,2.0,-0.29019604023940143,-0.29019604023940143
2024-01-17,1.5,-0.5505382100310062,-0.5505382100310062
2024-01-18,1.75,-0.4203671251352038,-0.4203671251352038
2024-01-19,1.75,-0.4203671251352038,-0.4203671251352038
2024-01-22,2.0,-0.29019604023940143,-0.29019604023940143
2024-01-23,1.5,-0.5505382100310062,-0.5505382100310062
2024-01-24,1.25,-0.6807092949268087,-0.6807092949268087
2024-01-29,3.5,0.490830469135413,0.490830469135413
2024-01-30,3.75,0.6210015540312155,0.6210015540312155
2024-01-31,10.0,3.8752786764262757,3.8752786764262757
2024-02-01,2.75,0.1003172144480058,0.1003172144480058
2024-02-05,1.25,-0.6807092949268087,-0.6807092949268087
2024-02-06,2.25,-0.160024955343599,-0.160024955343599
2024-02-07,2.25,-0.160024955343599,-0.160024955343599
2024-02-08,2.25,-0.160024955343599,-0.160024955343599
2024-02-12,2.25,-0.160024955343599,-0.160024955343599
2024-02-15,1.25,-0.6807092949268087,-0.6807092949268087
2024-02-20,1.0,-0.8108803798226111,-0.8108803798226111
2024-02-21,1.5,-0.5505382100310062,-0.5505382100310062
2024-02-22,1.5,-0.5505382100310062,-0.5505382100310062
2024-02-23,1.75,-0.4203671251352038,-0.4203671251352038
2024-02-26,2.5,-0.029853870447796603,-0.029853870447796603
2024-02-27,1.25,-0.6807092949268087,-0.6807092949268087
2024-03-01,1.0,-0.8108803798226111,-0.8108803798226111
2024-03-04,1.5,-0.5505382100310062,-0.5505382100310062
2024-03-05,2.25,-0.160024955343599,-0.160024955343599
2024-03-06,0.75,-0.9410514647184135,-0.9410514647184135
2024-03-07,1.75,-0.4203671251352038,-0.4203671251352038
2024-03-11,1.0,-0.8108803798226111,-0.8108803798226111
2024-03-13,1.0,-0.8108803798226111,-0.8108803798226111
2024-03-15,1.75,-0.4203671251352038,-0.4203671251352038
2024-03-18,2.0,-0.29019604023940143,-0.29019604023940143
2024-03-19,1.5,-0.5505382100310062,-0.5505382100310062
2024-03-20,2.25,-0.160024955343599,-0.160024955343599
2024-03-21,1.5,-0.5505382100310062,-0.5505382100310062
2024-03-22,1.0,-0.8108803798226111,-0.8108803798226111
2024-03-25,1.0,-0.8108803798226111,-0.8108803798226111
2024-03-26,1.25,-0.6807092949268087,-0.6807092949268087
2024-03-27,1.0,-0.8108803798226111,-0.8108803798226111
2024-04-01,2.0,-0.29019604023940143,-0.29019604023940143
2024-04-02,1.75,-0.4203671251352038,-0.4203671251352038
2024-04-03,1.25,-0.6807092949268087,-0.6807092949268087
2024-04-04,3.0,0.2304882993438082,0.2304882993438082
2024-04-08,1.0,-0.8108803798226111,-0.8108803798226111
2024-04-09,2.0,-0.29019604023940143,-0.29019604023940143
2024-04-12,1.5,-0.5505382100310062,-0.5505382100310062
2024-04-15,3.25,0.36065938423961064,0.36065938423961064
2024-04-16,2.0,-0.29019604023940143,-0.29019604023940143
2024-04-17,1.75,-0.4203671251352038,-0.4203671251352038
2024-04-18,1.5,-0.5505382100310062,-0.5505382100310062
2024-04-19,1.75,-0.4203671251352038,-0.4203671251352038
2024-04-22,1.5,-0.5505382100310062,-0.5505382100310062
2024-04-23,1.5,-0.5505382100310062,-0.5505382100310062
2024-04-24,1.5,-0.5505382100310062,-0.5505382100310062
2024-04-29,2.75,0.1003172144480058,0.1003172144480058
2024-04-30,1.75,-0.4203671251352038,-0.4203671251352038
2024-05-01,5.25,1.4020280634060298,1.4020280634060298
2024-05-02,2.25,-0.160024955343599,-0.160024955343599
2024-05-06,1.25,-0.6807092949268087,-0.6807092949268087
2024-05-07,1.5,-0.5505382100310062,-0.5505382100310062
2024-05-08,1.5,-0.5505382100310062,-0.5505382100310062
2024-05-09,1.5,-0.5505382100310062,-0.5505382100310062
2024-05-10,1.0,-0.8108803798226111,-0.8108803798226111
2024-05-13,1.5,-0.5505382100310062,-0.5505382100310062
2024-05-16,1.0,-0.8108803798226111,-0.8108803798226111
2024-05-17,0.5040283203125,-1.0691250663126721,-1.0691250663126721
2024-05-20,1.75,-0.4203671251352038,-0.4203671251352038
2024-05-21,1.25,-0.6807092949268087,-0.6807092949268087
2024-05-22,1.25,-0.6807092949268087,-0.6807092949268087
2024-05-23,0.5,-1.0712225496142158,-1.0712225496142158
2024-05-24,1.0,-0.8108803798226111,-0.8108803798226111
2024-05-28,2.0,-0.29019604023940143,-0.29019604023940143
2024-05-29,1.5,-0.5505382100310062,-0.5505382100310062
2024-06-03,2.0,-0.29019604023940143,-0.29019604023940143
2024-06-04,1.75,-0.4203671251352038,-0.4203671251352038
2024-06-05,2.0,-0.29019604023940143,-0.29019604023940143
2024-06-06,1.75,-0.4203671251352038,-0.4203671251352038
2024-06-10,1.0,-0.8108803798226111,-0.8108803798226111
2024-06-11,1.5,-0.5505382100310062,-0.5505382100310062
2024-06-14,1.75,-0.4203671251352038,-0.4203671251352038
2024-06-17,1.5,-0.5505382100310062,-0.5505382100310062
2024-06-18,1.5,-0.5505382100310062,-0.5505382100310062
2024-06-20,1.0,-0.8108803798226111,-0.8108803798226111
2024-06-21,1.0,-0.8108803798226111,-0.8108803798226111
2024-06-24,3.25,0.36065938423961064,0.36065938423961064
2024-06-25,2.75,0.1003172144480058,0.1003172144480058
2024-06-26,2.0,-0.29019604023940143,-0.29019604023940143
2024-07-01,2.0,-0.29019604023940143,-0.29019604023940143
2024-07-02,1.75,-0.4203671251352038,-0.4203671251352038
2024-07-08,2.25,-0.160024955343599,-0.160024955343599
2024-07-09,1.0,-0.8108803798226111,-0.8108803798226111
2024-07-10,1.0,-0.8108803798226111,-0.8108803798226111
2024-07-15,1.5,-0.5505382100310062,-0.5505382100310062
2024-07-16,1.5,-0.5505382100310062,-0.5505382100310062
2024-07-17,1.5,-0.5505382100310062,-0.5505382100310062
2024-07-18,2.0,-0.29019604023940143,-0.29019604023940143
2024-07-19,1.0,-0.8108803798226111,-0.8108803798226111
2024-07-22,1.0,-0.8108803798226111,-0.8108803798226111
2024-07-23,2.0,-0.29019604023940143,-0.29019604023940143
2024-07-24,2.0,-0.29019604023940143,-0.29019604023940143
2024-07-29,1.75,-0.4203671251352038,-0.4203671251352038
2024-07-30,1.0,-0.8108803798226111,-0.8108803798226111
2024-07-31,8.75,3.2244232519472638,3.2244232519472638
2024-08-01,3.0,0.2304882993438082,0.2304882993438082
2024-08-05,4.25,0.8813437238228202,0.8813437238228202
2024-08-06,2.75,0.1003172144480058,0.1003172144480058
2024-08-07,4.75,1.141685893614425,1.141685893614425
2024-08-08,1.25,-0.6807092949268087,-0.6807092949268087
2024-08-09,1.5,-0.5505382100310062,-0.5505382100310062
2024-08-12,1.5,-0.5505382100310062,-0.5505382100310062
2024-08-15,1.5,-0.5505382100310062,-0.5505382100310062
2024-08-16,1.5,-0.5505382100310062,-0.5505382100310062
2024-08-19,1.5,-0.5505382100310062,-0.5505382100310062
2024-08-20,1.5,-0.5505382100310062,-0.5505382100310062
2024-08-22,1.75,-0.4203671251352038,-0.4203671251352038
2024-08-23,1.75,-0.4203671251352038,-0.4203671251352038
2024-08-26,0.75,-0.9410514647184135,-0.9410514647184135
2024-08-27,2.25,-0.160024955343599,-0.160024955343599
2024-08-28,10.25,4.005449761322078,4.005449761322078
2024-09-03,10.25,4.005449761322078,4.005449761322078
2024-09-04,9.0,3.354594336843066,3.354594336843066
2024-09-05,9.0,3.354594336843066,3.354594336843066
2024-09-09,9.5,3.614936506634671,3.614936506634671
2024-09-10,1.75,-0.4203671251352038,-0.4203671251352038
2024-09-13,8.25,2.964081082155659,2.964081082155659
2024-09-16,1.5,-0.5505382100310062,-0.5505382100310062
2024-09-17,1.75,-0.4203671251352038,-0.4203671251352038
2024-09-18,4.5,1.0115148087186228,1.0115148087186228
2024-09-19,3.0,0.2304882993438082,0.2304882993438082
2024-09-20,2.75,0.1003172144480058,0.1003172144480058
2024-09-23,1.5,-0.5505382100310062,-0.5505382100310062
2024-09-24,1.75,-0.4203671251352038,-0.4203671251352038
2024-09-25,1.5,-0.5505382100310062,-0.5505382100310062
2024-09-30,3.25,0.36065938423961064,0.36065938423961064
2024-10-01,2.0,-0.29019604023940143,-0.29019604023940143
2024-10-02,1.25,-0.6807092949268087,-0.6807092949268087
2024-10-03,1.5,-0.5505382100310062,-0.5505382100310062
2024-10-07,1.25,-0.6807092949268087,-0.6807092949268087
2024-10-08,2.25,-0.160024955343599,-0.160024955343599
2024-10-09,2.25,-0.160024955343599,-0.160024955343599
2024-10-14,1.0,-0.8108803798226111,-0.8108803798226111
2024-10-15,1.25,-0.6807092949268087,-0.6807092949268087
2024-10-16,1.0,-0.8108803798226111,-0.8108803798226111
2024-10-17,1.5,-0.5505382100310062,-0.5505382100310062
2024-10-18,1.25,-0.6807092949268087,-0.6807092949268087
2024-10-21,2.0,-0.29019604023940143,-0.29019604023940143
2024-10-22,1.25,-0.6807092949268087,-0.6807092949268087
2024-10-23,2.0,-0.29019604023940143,-0.29019604023940143
2024-10-24,2.0,-0.29019604023940143,-0.29019604023940143
2024-10-25,2.25,-0.160024955343599,-0.160024955343599
2024-10-28,2.0,-0.29019604023940143,-0.29019604023940143
2024-10-29,3.25,0.36065938423961064,0.36065938423961064
2024-11-04,3.75,0.6210015540312155,0.6210015540312155
2024-11-05,2.5,-0.029853870447796603,-0.029853870447796603
2024-11-06,2.75,0.1003172144480058,0.1003172144480058
2024-11-07,3.75,0.6210015540312155,0.6210015540312155
2024-11-08,2.0,-0.29019604023940143,-0.29019604023940143
2024-11-11,2.25,-0.160024955343599,-0.160024955343599
2024-11-12,1.75,-0.4203671251352038,-0.4203671251352038
2024-11-15,2.25,-0.160024955343599,-0.160024955343599
2024-11-18,1.75,-0.4203671251352038,-0.4203671251352038
2024-11-19,2.25,-0.160024955343599,-0.160024955343599
2024-11-20,1.5,-0.5505382100310062,-0.5505382100310062
2024-11-21,1.5,-0.5505382100310062,-0.5505382100310062
2024-11-22,2.0,-0.29019604023940143,-0.29019604023940143
2024-11-25,1.5,-0.5505382100310062,-0.5505382100310062
2024-11-26,2.0,-0.29019604023940143,-0.29019604023940143
2024-12-03,4.25,0.8813437238228202,0.8813437238228202
2024-12-04,3.25,0.36065938423961064,0.36065938423961064
2024-12-05,3.5,0.490830469135413,0.490830469135413
2024-12-09,3.5,0.490830469135413,0.490830469135413
2024-12-10,2.75,0.1003172144480058,0.1003172144480058
2024-12-13,1.5,-0.5505382100310062,-0.5505382100310062
2024-12-16,1.5,-0.5505382100310062,-0.5505382100310062
2024-12-17,2.25,-0.160024955343599,-0.160024955343599
2024-12-18,4.75,1.141685893614425,1.141685893614425
2024-12-23,1.75,-0.4203671251352038,-0.4203671251352038
2024-12-26,1.25,-0.6807092949268087,-0.6807092949268087
2024-12-27,1.5,-0.5505382100310062,-0.5505382100310062
2024-12-30,2.0,-0.29019604023940143,-0.29019604023940143
2024-12-31,1.25,-0.6807092949268087,-0.6807092949268087
2025-01-02,1.75,-0.4203671251352038,-0.4203671251352038
2025-01-03,1.0,-0.8108803798226111,-0.8108803798226111
2025-01-06,3.0,0.2304882993438082,0.2304882993438082
2025-01-07,1.75,-0.4203671251352038,-0.4203671251352038
2025-01-08,3.5,0.490830469135413,0.490830469135413
2025-01-13,2.25,-0.160024955343599,-0.160024955343599
2025-01-16,1.75,-0.4203671251352038,-0.4203671251352038
2025-01-17,3.0040283203125,0.2325857826453519,0.2325857826453519
2025-01-21,2.0,-0.29019604023940143,-0.29019604023940143
2025-01-22,2.75,0.1003172144480058,0.1003172144480058
2025-01-23,1.5,-0.5505382100310062,-0.5505382100310062
2025-01-24,1.25,-0.6807092949268087,-0.6807092949268087
2025-01-27,1.75,-0.4203671251352038,-0.4203671251352038
2025-01-28,2.5,-0.029853870447796603,-0.029853870447796603
2025-01-29,3.25,0.36065938423961064,0.36065938423961064
2025-02-03,3.75,0.6210015540312155,0.6210015540312155
2025-02-04,1.75,-0.4203671251352038,-0.4203671251352038
2025-02-05,1.25,-0.6807092949268087,-0.6807092949268087
2025-02-10,2.0,-0.29019604023940143,-0.29019604023940143
2025-02-14,0.751953125,-0.940034503117665,-0.940034503117665
2025-02-18,2.0,-0.29019604023940143,-0.29019604023940143
2025-02-19,1.25,-0.6807092949268087,-0.6807092949268087
2025-02-20,0.75,-0.9410514647184135,-0.9410514647184135
2025-02-21,2.501953125,-0.028836908847048145,-0.028836908847048145
2025-02-24,1.5,-0.5505382100310062,-0.5505382100310062
2025-02-25,1.5,-0.5505382100310062,-0.5505382100310062
2025-02-26,2.5,-0.029853870447796603,-0.029853870447796603
2025-03-03,4.75,1.141685893614425,1.141685893614425
2025-03-04,7.0,2.3132256576766466,2.3132256576766466
2025-03-05,3.5,0.490830469135413,0.490830469135413
2025-03-10,3.25,0.36065938423961064,0.36065938423961064
2025-03-11,2.25,-0.160024955343599,-0.160024955343599
2025-03-14,1.5,-0.5505382100310062,-0.5505382100310062
2025-03-17,1.75,-0.4203671251352038,-0.4203671251352038
2025-03-18,1.75,-0.4203671251352038,-0.4203671251352038
2025-03-19,2.25,-0.160024955343599,-0.160024955343599
2025-03-20,1.75,-0.4203671251352038,-0.4203671251352038
2025-03-21,1.25,-0.6807092949268087,-0.6807092949268087
2025-03-24,1.75,-0.4203671251352038,-0.4203671251352038
2025-03-25,1.5,-0.5505382100310062,-0.5505382100310062
2025-03-26,2.5,-0.029853870447796603,-0.029853870447796603
2025-03-31,4.25,0.8813437238228202,0.8813437238228202
2025-04-01,2.0,-0.29019604023940143,-0.29019604023940143
2025-04-02,14.75,6.348529289446521,6.348529289446521
2025-04-03,3.75,0.6210015540312155,0.6210015540312155
2025-04-04,4.0,0.7511726389270178,0.7511726389270178
2025-04-07,10.0,3.8752786764262757,3.8752786764262757
2025-04-08,8.0,2.8339099972598563,2.8339099972598563
2025-04-09,11.5,4.65630518580109,4.65630518580109
2025-04-14,3.75,0.6210015540312155,0.6210015540312155
2025-04-15,2.75,0.1003172144480058,0.1003172144480058
2025-04-16,3.25,0.36065938423961064,0.36065938423961064
2025-04-17,1.25,-0.6807092949268087,-0.6807092949268087
2025-04-21,2.0,-0.29019604023940143,-0.29019604023940143
2025-04-22,2.0,-0.29019604023940143,-0.29019604023940143
2025-04-23,2.25,-0.160024955343599,-0.160024955343599
2025-04-24,1.75,-0.4203671251352038,-0.4203671251352038
2025-04-25,3.5,0.490830469135413,0.490830469135413
2025-04-28,1.5,-0.5505382100310062,-0.5505382100310062
2025-04-29,1.5,-0.5505382100310062,-0.5505382100310062
2025-05-01,3.25,0.36065938423961064,0.36065938423961064
2025-05-05,1.75,-0.4203671251352038,-0.4203671251352038
2025-05-06,1.75,-0.4203671251352038,-0.4203671251352038
2025-05-07,2.5,-0.029853870447796603,-0.029853870447796603
2025-05-08,2.75,0.1003172144480058,0.1003172144480058
2025-05-09,1.5059814453125,-0.547423765128714,-0.547423765128714
2025-05-12,2.5,-0.029853870447796603,-0.029853870447796603
2025-05-14,2.0,-0.29019604023940143,-0.29019604023940143
2025-05-16,7.25,2.443396742572449,2.443396742572449
2025-05-19,3.0,0.2304882993438082,0.2304882993438082
2025-05-20,1.75,-0.4203671251352038,-0.4203671251352038
2025-05-21,2.75,0.1003172144480058,0.1003172144480058
2025-05-22,3.0,0.2304882993438082,0.2304882993438082
2025-05-23,2.0,-0.29019604023940143,-0.29019604023940143
2025-05-27,3.0,0.2304882993438082,0.2304882993438082
2025-05-28,2.25,-0.160024955343599,-0.160024955343599
2025-06-02,2.25,-0.160024955343599,-0.160024955343599
2025-06-04,1.5,-0.5505382100310062,-0.5505382100310062
2025-06-05,1.25,-0.6807092949268087,-0.6807092949268087
2025-06-09,2.0,-0.29019604023940143,-0.29019604023940143
2025-06-10,1.25,-0.6807092949268087,-0.6807092949268087
2025-06-13,2.7559814453125,0.10343165935029795,0.10343165935029795
2025-06-16,1.25,-0.6807092949268087,-0.6807092949268087
2025-06-17,1.5,-0.5505382100310062,-0.5505382100310062
2025-06-18,3.25,0.36065938423961064,0.36065938423961064
2025-06-20,1.5,-0.5505382100310062,-0.5505382100310062
2025-06-23,2.0,-0.29019604023940143,-0.29019604023940143
2025-06-24,1.5,-0.5505382100310062,-0.5505382100310062
2025-06-25,1.75,-0.4203671251352038,-0.4203671251352038
2025-06-30,2.25,-0.160024955343599,-0.160024955343599
2025-07-01,2.0,-0.29019604023940143,-0.29019604023940143
2025-07-02,1.5,-0.5505382100310062,-0.5505382100310062
2025-07-07,1.75,-0.4203671251352038,-0.4203671251352038
2025-07-08,1.75,-0.4203671251352038,-0.4203671251352038
2025-07-09,1.25,-0.6807092949268087,-0.6807092949268087
2025-07-10,1.0,-0.8108803798226111,-0.8108803798226111
2025-07-11,1.75,-0.4203671251352038,-0.4203671251352038
2025-07-14,1.75,-0.4203671251352038,-0.4203671251352038
2025-07-17,2.25,-0.160024955343599,-0.160024955343599
2025-07-18,1.75,-0.4203671251352038,-0.4203671251352038
2025-07-21,2.0,-0.29019604023940143,-0.29019604023940143
2025-07-22,1.25,-0.6807092949268087,-0.6807092949268087
2025-07-23,1.25,-0.6807092949268087,-0.6807092949268087
2025-07-24,2.5,-0.029853870447796603,-0.029853870447796603
2025-07-25,1.25,-0.6807092949268087,-0.6807092949268087
2025-07-28,1.25,-0.6807092949268087,-0.6807092949268087
2025-07-29,1.5,-0.5505382100310062,-0.5505382100310062
2025-08-04,1.5,-0.5505382100310062,-0.5505382100310062
2025-08-05,2.25,-0.160024955343599,-0.160024955343599
2025-08-06,2.25,-0.160024955343599,-0.160024955343599
2025-08-07,1.75,-0.4203671251352038,-0.4203671251352038
2025-08-08,1.0,-0.8108803798226111,-0.8108803798226111
2025-08-11,2.0,-0.29019604023940143,-0.29019604023940143
2025-08-13,1.25,-0.6807092949268087,-0.6807092949268087
2025-08-15,1.5,-0.5505382100310062,-0.5505382100310062
2025-08-18,1.0,-0.8108803798226111,-0.8108803798226111
2025-08-19,1.25,-0.6807092949268087,-0.6807092949268087
2025-08-20,0.75,-0.9410514647184135,-0.9410514647184135
2025-08-21,1.0,-0.8108803798226111,-0.8108803798226111
2025-08-22,1.0,-0.8108803798226111,-0.8108803798226111
2025-08-25,1.0,-0.8108803798226111,-0.8108803798226111
2025-08-26,1.5,-0.5505382100310062,-0.5505382100310062
2025-08-27,1.75,-0.4203671251352038,-0.4203671251352038
2025-09-02,2.75,0.1003172144480058,0.1003172144480058
2025-09-03,2.0,-0.29019604023940143,-0.29019604023940143
2025-09-04,1.75,-0.4203671251352038,-0.4203671251352038
2025-09-08,2.25,-0.160024955343599,-0.160024955343599
2025-09-12,1.75,-0.4203671251352038,-0.4203671251352038
2025-09-15,1.5,-0.5505382100310062,-0.5505382100310062
2025-09-16,1.5,-0.5505382100310062,-0.5505382100310062
2025-09-17,4.5,1.0115148087186228,1.0115148087186228
2025-09-18,2.75,0.1003172144480058,0.1003172144480058
2025-09-19,0.75,-0.9410514647184135,-0.9410514647184135
2025-09-22,1.5,-0.5505382100310062,-0.5505382100310062
