Date,"Volatility of Returns (Session:US Close 15-17 ET, Interval:1h, Symbol:ZN)",ZScore wrt All Days,ZScore wrt Given Days
2022-12-20,1.75,-0.44010330243911266,-0.44010330243911266
2022-12-21,2.0,-0.30927097506448537,-0.30927097506448537
2022-12-27,2.5,-0.04760632031523068,-0.04760632031523068
2022-12-28,2.0,-0.30927097506448537,-0.30927097506448537
2022-12-29,2.75,0.08322600705939665,0.08322600705939665
2022-12-30,2.5,-0.04760632031523068,-0.04760632031523068
2023-01-03,5.75,1.6532139355549247,1.6532139355549247
2023-01-04,4.0,0.7373876439325333,0.7373876439325333
2023-01-05,2.5,-0.04760632031523068,-0.04760632031523068
2023-01-09,3.0,0.21405833443402397,0.21405833443402397
2023-01-10,2.5,-0.04760632031523068,-0.04760632031523068
2023-01-11,3.75,0.606555316557906,0.606555316557906
2023-01-13,2.25,-0.178438647689858,-0.178438647689858
2023-01-17,2.0,-0.30927097506448537,-0.30927097506448537
2023-01-19,2.25,-0.178438647689858,-0.178438647689858
2023-01-20,1.75,-0.44010330243911266,-0.44010330243911266
2023-01-23,1.5,-0.57093562981374,-0.57093562981374
2023-01-24,1.75,-0.44010330243911266,-0.44010330243911266
2023-01-25,2.75,0.08322600705939665,0.08322600705939665
2023-01-30,2.25,-0.178438647689858,-0.178438647689858
2023-01-31,5.0,1.2607169534310427,1.2607169534310427
2023-02-01,4.5,0.9990522986817879,0.9990522986817879
2023-02-02,2.75,0.08322600705939665,0.08322600705939665
2023-02-06,3.5,0.47572298918327866,0.47572298918327866
2023-02-07,2.0,-0.30927097506448537,-0.30927097506448537
2023-02-08,4.0,0.7373876439325333,0.7373876439325333
2023-02-09,3.25,0.3448906618086513,0.3448906618086513
2023-02-10,1.0,-0.8326002845629946,-0.8326002845629946
2023-02-13,2.25,-0.178438647689858,-0.178438647689858
2023-02-15,2.5,-0.04760632031523068,-0.04760632031523068
2023-02-17,1.5,-0.57093562981374,-0.57093562981374
2023-02-21,2.0,-0.30927097506448537,-0.30927097506448537
2023-02-22,2.25,-0.178438647689858,-0.178438647689858
2023-02-27,9.25,3.4848665187997074,3.4848665187997074
2023-02-28,10.75,4.269860483047472,4.269860483047472
2023-03-01,9.25,3.4848665187997074,3.4848665187997074
2023-03-02,8.5,3.0923695366758253,3.0923695366758253
2023-03-03,7.75,2.6998725545519435,2.6998725545519435
2023-03-06,9.25,3.4848665187997074,3.4848665187997074
2023-03-07,2.0,-0.30927097506448537,-0.30927097506448537
2023-03-08,2.75,0.08322600705939665,0.08322600705939665
2023-03-09,4.5,0.9990522986817879,0.9990522986817879
2023-03-13,8.25,2.961537209301198,2.961537209301198
2023-03-16,5.0,1.2607169534310427,1.2607169534310427
2023-03-17,7.0,2.3073755724280613,2.3073755724280613
2023-03-20,4.75,1.1298846260564153,1.1298846260564153
2023-03-21,2.75,0.08322600705939665,0.08322600705939665
2023-03-22,11.0,4.400692810422099,4.400692810422099
2023-03-23,8.0,2.8307048819265708,2.8307048819265708
2023-03-24,2.5,-0.04760632031523068,-0.04760632031523068
2023-03-27,2.5,-0.04760632031523068,-0.04760632031523068
2023-03-28,4.75,1.1298846260564153,1.1298846260564153
2023-03-29,2.0,-0.30927097506448537,-0.30927097506448537
2023-04-03,1.75,-0.44010330243911266,-0.44010330243911266
2023-04-04,2.25,-0.178438647689858,-0.178438647689858
2023-04-05,3.75,0.606555316557906,0.606555316557906
2023-04-06,2.25,-0.178438647689858,-0.178438647689858
2023-04-10,1.0,-0.8326002845629946,-0.8326002845629946
2023-04-11,1.75,-0.44010330243911266,-0.44010330243911266
2023-04-14,2.0,-0.30927097506448537,-0.30927097506448537
2023-04-17,2.25,-0.178438647689858,-0.178438647689858
2023-04-18,1.5,-0.57093562981374,-0.57093562981374
2023-04-19,2.5,-0.04760632031523068,-0.04760632031523068
2023-04-20,1.0,-0.8326002845629946,-0.8326002845629946
2023-04-21,1.25,-0.7017679571883674,-0.7017679571883674
2023-04-24,3.75,0.606555316557906,0.606555316557906
2023-04-25,3.5,0.47572298918327866,0.47572298918327866
2023-04-26,3.75,0.606555316557906,0.606555316557906
2023-05-01,4.0,0.7373876439325333,0.7373876439325333
2023-05-02,2.0,-0.30927097506448537,-0.30927097506448537
2023-05-03,11.5,4.662357465171353,4.662357465171353
2023-05-04,5.25,1.39154928080567,1.39154928080567
2023-05-08,2.0,-0.30927097506448537,-0.30927097506448537
2023-05-09,2.0,-0.30927097506448537,-0.30927097506448537
2023-05-12,1.2540283203122726,-0.6996598191009069,-0.6996598191009069
2023-05-15,1.75,-0.44010330243911266,-0.44010330243911266
2023-05-16,2.75,0.08322600705939665,0.08322600705939665
2023-05-17,1.75,-0.44010330243911266,-0.44010330243911266
2023-05-18,2.25,-0.178438647689858,-0.178438647689858
2023-05-19,3.25,0.3448906618086513,0.3448906618086513
2023-05-22,1.5,-0.57093562981374,-0.57093562981374
2023-05-23,2.25,-0.178438647689858,-0.178438647689858
2023-05-24,4.0,0.7373876439325333,0.7373876439325333
2023-05-30,2.75,0.08322600705939665,0.08322600705939665
2023-05-31,4.25,0.8682199713071607,0.8682199713071607
2023-06-01,1.75,-0.44010330243911266,-0.44010330243911266
2023-06-05,1.75,-0.44010330243911266,-0.44010330243911266
2023-06-06,4.5,0.9990522986817879,0.9990522986817879
2023-06-07,2.75,0.08322600705939665,0.08322600705939665
2023-06-08,2.25,-0.178438647689858,-0.178438647689858
2023-06-09,1.75,-0.44010330243911266,-0.44010330243911266
2023-06-12,3.5,0.47572298918327866,0.47572298918327866
2023-06-15,2.0,-0.30927097506448537,-0.30927097506448537
2023-06-16,2.0,-0.30927097506448537,-0.30927097506448537
2023-06-20,2.5,-0.04760632031523068,-0.04760632031523068
2023-06-21,2.0,-0.30927097506448537,-0.30927097506448537
2023-06-22,1.5,-0.57093562981374,-0.57093562981374
2023-06-23,1.25,-0.7017679571883674,-0.7017679571883674
2023-06-26,1.5,-0.57093562981374,-0.57093562981374
2023-06-27,1.5,-0.57093562981374,-0.57093562981374
2023-06-28,1.25,-0.7017679571883674,-0.7017679571883674
2023-07-05,2.25,-0.178438647689858,-0.178438647689858
2023-07-06,3.25,0.3448906618086513,0.3448906618086513
2023-07-10,1.75,-0.44010330243911266,-0.44010330243911266
2023-07-11,1.75,-0.44010330243911266,-0.44010330243911266
2023-07-14,2.25,-0.178438647689858,-0.178438647689858
2023-07-17,2.0,-0.30927097506448537,-0.30927097506448537
2023-07-18,2.0,-0.30927097506448537,-0.30927097506448537
2023-07-19,1.75,-0.44010330243911266,-0.44010330243911266
2023-07-20,2.25,-0.178438647689858,-0.178438647689858
2023-07-21,1.25,-0.7017679571883674,-0.7017679571883674
2023-07-24,3.5,0.47572298918327866,0.47572298918327866
2023-07-25,4.75,1.1298846260564153,1.1298846260564153
2023-07-26,4.0,0.7373876439325333,0.7373876439325333
2023-07-31,3.0,0.21405833443402397,0.21405833443402397
2023-08-01,3.5,0.47572298918327866,0.47572298918327866
2023-08-02,2.25,-0.178438647689858,-0.178438647689858
2023-08-03,2.25,-0.178438647689858,-0.178438647689858
2023-08-07,3.5,0.47572298918327866,0.47572298918327866
2023-08-08,1.5,-0.57093562981374,-0.57093562981374
2023-08-09,2.0,-0.30927097506448537,-0.30927097506448537
2023-08-14,2.75,0.08322600705939665,0.08322600705939665
2023-08-15,1.75,-0.44010330243911266,-0.44010330243911266
2023-08-16,2.75,0.08322600705939665,0.08322600705939665
2023-08-17,3.5,0.47572298918327866,0.47572298918327866
2023-08-18,2.0,-0.30927097506448537,-0.30927097506448537
2023-08-21,1.5,-0.57093562981374,-0.57093562981374
2023-08-22,1.25,-0.7017679571883674,-0.7017679571883674
2023-08-23,2.0,-0.30927097506448537,-0.30927097506448537
2023-08-24,2.25,-0.178438647689858,-0.178438647689858
2023-08-25,2.5,-0.04760632031523068,-0.04760632031523068
2023-08-28,1.5,-0.57093562981374,-0.57093562981374
2023-08-29,2.0,-0.30927097506448537,-0.30927097506448537
2023-09-05,8.5,3.0923695366758253,3.0923695366758253
2023-09-06,8.0,2.8307048819265708,2.8307048819265708
2023-09-08,7.25,2.438207899802689,2.438207899802689
2023-09-11,6.25,1.9148785903041792,1.9148785903041792
2023-09-12,7.5,2.5690402271773163,2.5690402271773163
2023-09-15,2.0,-0.30927097506448537,-0.30927097506448537
2023-09-18,2.0,-0.30927097506448537,-0.30927097506448537
2023-09-19,1.25,-0.7017679571883674,-0.7017679571883674
2023-09-20,8.0,2.8307048819265708,2.8307048819265708
2023-09-21,2.0,-0.30927097506448537,-0.30927097506448537
2023-09-22,1.75,-0.44010330243911266,-0.44010330243911266
2023-09-25,2.0,-0.30927097506448537,-0.30927097506448537
2023-09-26,2.75,0.08322600705939665,0.08322600705939665
2023-09-27,2.75,0.08322600705939665,0.08322600705939665
2023-10-02,1.75,-0.44010330243911266,-0.44010330243911266
2023-10-03,2.25,-0.178438647689858,-0.178438647689858
2023-10-04,2.0,-0.30927097506448537,-0.30927097506448537
2023-10-05,2.0,-0.30927097506448537,-0.30927097506448537
2023-10-09,2.0,-0.30927097506448537,-0.30927097506448537
2023-10-10,2.0,-0.30927097506448537,-0.30927097506448537
2023-10-13,1.5,-0.57093562981374,-0.57093562981374
2023-10-16,1.25,-0.7017679571883674,-0.7017679571883674
2023-10-17,2.25,-0.178438647689858,-0.178438647689858
2023-10-18,1.75,-0.44010330243911266,-0.44010330243911266
2023-10-19,2.0,-0.30927097506448537,-0.30927097506448537
2023-10-20,2.25,-0.178438647689858,-0.178438647689858
2023-10-23,2.5,-0.04760632031523068,-0.04760632031523068
2023-10-24,2.75,0.08322600705939665,0.08322600705939665
2023-10-25,3.0,0.21405833443402397,0.21405833443402397
2023-10-30,4.0,0.7373876439325333,0.7373876439325333
2023-10-31,5.5,1.5223816081802972,1.5223816081802972
2023-11-01,5.75,1.6532139355549247,1.6532139355549247
2023-11-02,1.75,-0.44010330243911266,-0.44010330243911266
2023-11-06,2.5,-0.04760632031523068,-0.04760632031523068
2023-11-07,2.0,-0.30927097506448537,-0.30927097506448537
2023-11-08,2.75,0.08322600705939665,0.08322600705939665
2023-11-09,2.75,0.08322600705939665,0.08322600705939665
2023-11-10,4.25,0.8682199713071607,0.8682199713071607
2023-11-13,1.75,-0.44010330243911266,-0.44010330243911266
2023-11-16,2.75,0.08322600705939665,0.08322600705939665
2023-11-17,1.5,-0.57093562981374,-0.57093562981374
2023-11-20,1.25,-0.7017679571883674,-0.7017679571883674
2023-11-21,2.25,-0.178438647689858,-0.178438647689858
2023-11-22,1.5,-0.57093562981374,-0.57093562981374
2023-11-27,1.25,-0.7017679571883674,-0.7017679571883674
2023-11-28,2.0,-0.30927097506448537,-0.30927097506448537
2023-12-01,4.0,0.7373876439325333,0.7373876439325333
2023-12-04,4.25,0.8682199713071607,0.8682199713071607
2023-12-05,2.0,-0.30927097506448537,-0.30927097506448537
2023-12-06,3.0,0.21405833443402397,0.21405833443402397
2023-12-07,3.0,0.21405833443402397,0.21405833443402397
2023-12-11,1.25,-0.7017679571883674,-0.7017679571883674
2023-12-14,3.25,0.3448906618086513,0.3448906618086513
2023-12-15,2.25,-0.178438647689858,-0.178438647689858
2023-12-18,3.0,0.21405833443402397,0.21405833443402397
2023-12-19,1.25,-0.7017679571883674,-0.7017679571883674
2023-12-20,3.5,0.47572298918327866,0.47572298918327866
2023-12-26,2.0,-0.30927097506448537,-0.30927097506448537
2023-12-27,1.5,-0.57093562981374,-0.57093562981374
2023-12-28,1.5,-0.57093562981374,-0.57093562981374
2023-12-29,1.75,-0.44010330243911266,-0.44010330243911266
2024-01-02,2.0,-0.30927097506448537,-0.30927097506448537
2024-01-03,2.25,-0.178438647689858,-0.178438647689858
2024-01-04,1.25,-0.7017679571883674,-0.7017679571883674
2024-01-08,4.25,0.8682199713071607,0.8682199713071607
2024-01-09,1.25,-0.7017679571883674,-0.7017679571883674
2024-01-10,1.75,-0.44010330243911266,-0.44010330243911266
2024-01-16,2.0,-0.30927097506448537,-0.30927097506448537
2024-01-17,1.5,-0.57093562981374,-0.57093562981374
2024-01-18,1.75,-0.44010330243911266,-0.44010330243911266
2024-01-19,1.75,-0.44010330243911266,-0.44010330243911266
2024-01-22,2.0,-0.30927097506448537,-0.30927097506448537
2024-01-23,1.5,-0.57093562981374,-0.57093562981374
2024-01-24,1.25,-0.7017679571883674,-0.7017679571883674
2024-01-29,3.5,0.47572298918327866,0.47572298918327866
2024-01-30,3.75,0.606555316557906,0.606555316557906
2024-01-31,10.0,3.8773635009235896,3.8773635009235896
2024-02-01,2.75,0.08322600705939665,0.08322600705939665
2024-02-05,1.25,-0.7017679571883674,-0.7017679571883674
2024-02-06,2.25,-0.178438647689858,-0.178438647689858
2024-02-07,2.25,-0.178438647689858,-0.178438647689858
2024-02-08,2.25,-0.178438647689858,-0.178438647689858
2024-02-12,2.25,-0.178438647689858,-0.178438647689858
2024-02-15,1.25,-0.7017679571883674,-0.7017679571883674
2024-02-20,1.0,-0.8326002845629946,-0.8326002845629946
2024-02-21,1.5,-0.57093562981374,-0.57093562981374
2024-02-22,1.5,-0.57093562981374,-0.57093562981374
2024-02-23,1.75,-0.44010330243911266,-0.44010330243911266
2024-02-26,2.5,-0.04760632031523068,-0.04760632031523068
2024-02-27,1.25,-0.7017679571883674,-0.7017679571883674
2024-03-01,1.0,-0.8326002845629946,-0.8326002845629946
2024-03-04,1.5,-0.57093562981374,-0.57093562981374
2024-03-05,2.25,-0.178438647689858,-0.178438647689858
2024-03-06,0.75,-0.963432611937622,-0.963432611937622
2024-03-07,1.75,-0.44010330243911266,-0.44010330243911266
2024-03-11,1.0,-0.8326002845629946,-0.8326002845629946
2024-03-13,1.0,-0.8326002845629946,-0.8326002845629946
2024-03-15,1.75,-0.44010330243911266,-0.44010330243911266
2024-03-18,2.0,-0.30927097506448537,-0.30927097506448537
2024-03-19,1.5,-0.57093562981374,-0.57093562981374
2024-03-20,2.25,-0.178438647689858,-0.178438647689858
2024-03-21,1.5,-0.57093562981374,-0.57093562981374
2024-03-22,1.0,-0.8326002845629946,-0.8326002845629946
2024-03-25,1.0,-0.8326002845629946,-0.8326002845629946
2024-03-26,1.25,-0.7017679571883674,-0.7017679571883674
2024-03-27,1.0,-0.8326002845629946,-0.8326002845629946
2024-04-01,2.0,-0.30927097506448537,-0.30927097506448537
2024-04-02,1.75,-0.44010330243911266,-0.44010330243911266
2024-04-03,1.25,-0.7017679571883674,-0.7017679571883674
2024-04-04,3.0,0.21405833443402397,0.21405833443402397
2024-04-08,1.0,-0.8326002845629946,-0.8326002845629946
2024-04-09,2.0,-0.30927097506448537,-0.30927097506448537
2024-04-12,1.5,-0.57093562981374,-0.57093562981374
2024-04-15,3.25,0.3448906618086513,0.3448906618086513
2024-04-16,2.0,-0.30927097506448537,-0.30927097506448537
2024-04-17,1.75,-0.44010330243911266,-0.44010330243911266
2024-04-18,1.5,-0.57093562981374,-0.57093562981374
2024-04-19,1.75,-0.44010330243911266,-0.44010330243911266
2024-04-22,1.5,-0.57093562981374,-0.57093562981374
2024-04-23,1.5,-0.57093562981374,-0.57093562981374
2024-04-24,1.5,-0.57093562981374,-0.57093562981374
2024-04-29,2.75,0.08322600705939665,0.08322600705939665
2024-04-30,1.75,-0.44010330243911266,-0.44010330243911266
2024-05-01,5.25,1.39154928080567,1.39154928080567
2024-05-02,2.25,-0.178438647689858,-0.178438647689858
2024-05-06,1.25,-0.7017679571883674,-0.7017679571883674
2024-05-07,1.5,-0.57093562981374,-0.57093562981374
2024-05-08,1.5,-0.57093562981374,-0.57093562981374
2024-05-09,1.5,-0.57093562981374,-0.57093562981374
2024-05-10,1.0,-0.8326002845629946,-0.8326002845629946
2024-05-13,1.5,-0.57093562981374,-0.57093562981374
2024-05-16,1.0,-0.8326002845629946,-0.8326002845629946
2024-05-17,0.5040283203125,-1.0921568012246698,-1.0921568012246698
2024-05-20,1.75,-0.44010330243911266,-0.44010330243911266
2024-05-21,1.25,-0.7017679571883674,-0.7017679571883674
2024-05-22,1.25,-0.7017679571883674,-0.7017679571883674
2024-05-23,0.5,-1.0942649393122492,-1.0942649393122492
2024-05-24,1.0,-0.8326002845629946,-0.8326002845629946
2024-05-28,2.0,-0.30927097506448537,-0.30927097506448537
2024-05-29,1.5,-0.57093562981374,-0.57093562981374
2024-06-03,2.0,-0.30927097506448537,-0.30927097506448537
2024-06-04,1.75,-0.44010330243911266,-0.44010330243911266
2024-06-05,2.0,-0.30927097506448537,-0.30927097506448537
2024-06-06,1.75,-0.44010330243911266,-0.44010330243911266
2024-06-10,1.0,-0.8326002845629946,-0.8326002845629946
2024-06-11,1.5,-0.57093562981374,-0.57093562981374
2024-06-14,1.75,-0.44010330243911266,-0.44010330243911266
2024-06-17,1.5,-0.57093562981374,-0.57093562981374
2024-06-18,1.5,-0.57093562981374,-0.57093562981374
2024-06-20,1.0,-0.8326002845629946,-0.8326002845629946
2024-06-21,1.0,-0.8326002845629946,-0.8326002845629946
2024-06-24,3.25,0.3448906618086513,0.3448906618086513
2024-06-25,2.75,0.08322600705939665,0.08322600705939665
2024-06-26,2.0,-0.30927097506448537,-0.30927097506448537
2024-07-01,2.0,-0.30927097506448537,-0.30927097506448537
2024-07-02,1.75,-0.44010330243911266,-0.44010330243911266
2024-07-08,2.25,-0.178438647689858,-0.178438647689858
2024-07-09,1.0,-0.8326002845629946,-0.8326002845629946
2024-07-10,1.0,-0.8326002845629946,-0.8326002845629946
2024-07-15,1.5,-0.57093562981374,-0.57093562981374
2024-07-16,1.5,-0.57093562981374,-0.57093562981374
2024-07-17,1.5,-0.57093562981374,-0.57093562981374
2024-07-18,2.0,-0.30927097506448537,-0.30927097506448537
2024-07-19,1.0,-0.8326002845629946,-0.8326002845629946
2024-07-22,1.0,-0.8326002845629946,-0.8326002845629946
2024-07-23,2.0,-0.30927097506448537,-0.30927097506448537
2024-07-24,2.0,-0.30927097506448537,-0.30927097506448537
2024-07-29,1.75,-0.44010330243911266,-0.44010330243911266
2024-07-30,1.0,-0.8326002845629946,-0.8326002845629946
2024-07-31,8.75,3.223201864050453,3.223201864050453
2024-08-01,3.0,0.21405833443402397,0.21405833443402397
2024-08-05,4.25,0.8682199713071607,0.8682199713071607
2024-08-06,2.75,0.08322600705939665,0.08322600705939665
2024-08-07,4.75,1.1298846260564153,1.1298846260564153
2024-08-08,1.25,-0.7017679571883674,-0.7017679571883674
2024-08-09,1.5,-0.57093562981374,-0.57093562981374
2024-08-12,1.5,-0.57093562981374,-0.57093562981374
2024-08-15,1.5,-0.57093562981374,-0.57093562981374
2024-08-16,1.5,-0.57093562981374,-0.57093562981374
2024-08-19,1.5,-0.57093562981374,-0.57093562981374
2024-08-20,1.5,-0.57093562981374,-0.57093562981374
2024-08-22,1.75,-0.44010330243911266,-0.44010330243911266
2024-08-23,1.75,-0.44010330243911266,-0.44010330243911266
2024-08-26,0.75,-0.963432611937622,-0.963432611937622
2024-08-27,2.25,-0.178438647689858,-0.178438647689858
2024-08-28,10.25,4.008195828298216,4.008195828298216
2024-09-03,10.25,4.008195828298216,4.008195828298216
2024-09-04,2.0,-0.30927097506448537,-0.30927097506448537
2024-09-05,9.0,3.35403419142508,3.35403419142508
2024-09-09,1.75,-0.44010330243911266,-0.44010330243911266
2024-09-10,1.75,-0.44010330243911266,-0.44010330243911266
2024-09-13,1.5,-0.57093562981374,-0.57093562981374
2024-09-16,1.5,-0.57093562981374,-0.57093562981374
2024-09-17,1.75,-0.44010330243911266,-0.44010330243911266
2024-09-18,4.5,0.9990522986817879,0.9990522986817879
2024-09-19,3.0,0.21405833443402397,0.21405833443402397
2024-09-20,2.75,0.08322600705939665,0.08322600705939665
2024-09-23,1.5,-0.57093562981374,-0.57093562981374
2024-09-24,1.75,-0.44010330243911266,-0.44010330243911266
2024-09-25,1.5,-0.57093562981374,-0.57093562981374
2024-09-30,3.25,0.3448906618086513,0.3448906618086513
2024-10-01,2.0,-0.30927097506448537,-0.30927097506448537
2024-10-02,1.25,-0.7017679571883674,-0.7017679571883674
2024-10-03,1.5,-0.57093562981374,-0.57093562981374
2024-10-07,1.25,-0.7017679571883674,-0.7017679571883674
2024-10-08,2.25,-0.178438647689858,-0.178438647689858
2024-10-09,2.25,-0.178438647689858,-0.178438647689858
2024-10-14,1.0,-0.8326002845629946,-0.8326002845629946
2024-10-15,1.25,-0.7017679571883674,-0.7017679571883674
2024-10-16,1.0,-0.8326002845629946,-0.8326002845629946
2024-10-17,1.5,-0.57093562981374,-0.57093562981374
2024-10-18,1.25,-0.7017679571883674,-0.7017679571883674
2024-10-21,2.0,-0.30927097506448537,-0.30927097506448537
2024-10-22,1.25,-0.7017679571883674,-0.7017679571883674
2024-10-23,2.0,-0.30927097506448537,-0.30927097506448537
2024-10-24,2.0,-0.30927097506448537,-0.30927097506448537
2024-10-25,2.25,-0.178438647689858,-0.178438647689858
2024-10-28,2.0,-0.30927097506448537,-0.30927097506448537
2024-10-29,3.25,0.3448906618086513,0.3448906618086513
2024-11-04,3.75,0.606555316557906,0.606555316557906
2024-11-05,2.5,-0.04760632031523068,-0.04760632031523068
2024-11-06,2.75,0.08322600705939665,0.08322600705939665
2024-11-07,3.75,0.606555316557906,0.606555316557906
2024-11-08,2.0,-0.30927097506448537,-0.30927097506448537
2024-11-11,2.25,-0.178438647689858,-0.178438647689858
2024-11-12,1.75,-0.44010330243911266,-0.44010330243911266
2024-11-15,2.25,-0.178438647689858,-0.178438647689858
2024-11-18,1.75,-0.44010330243911266,-0.44010330243911266
2024-11-19,2.25,-0.178438647689858,-0.178438647689858
2024-11-20,1.5,-0.57093562981374,-0.57093562981374
2024-11-21,1.5,-0.57093562981374,-0.57093562981374
2024-11-22,2.0,-0.30927097506448537,-0.30927097506448537
2024-11-25,1.5,-0.57093562981374,-0.57093562981374
2024-11-26,2.0,-0.30927097506448537,-0.30927097506448537
2024-12-03,4.25,0.8682199713071607,0.8682199713071607
2024-12-04,3.25,0.3448906618086513,0.3448906618086513
2024-12-05,3.5,0.47572298918327866,0.47572298918327866
2024-12-09,3.5,0.47572298918327866,0.47572298918327866
2024-12-10,2.75,0.08322600705939665,0.08322600705939665
2024-12-13,1.5,-0.57093562981374,-0.57093562981374
2024-12-16,1.5,-0.57093562981374,-0.57093562981374
2024-12-17,2.25,-0.178438647689858,-0.178438647689858
2024-12-18,4.75,1.1298846260564153,1.1298846260564153
2024-12-23,1.75,-0.44010330243911266,-0.44010330243911266
2024-12-26,1.25,-0.7017679571883674,-0.7017679571883674
2024-12-27,1.5,-0.57093562981374,-0.57093562981374
2024-12-30,2.0,-0.30927097506448537,-0.30927097506448537
2024-12-31,1.25,-0.7017679571883674,-0.7017679571883674
2025-01-02,1.75,-0.44010330243911266,-0.44010330243911266
2025-01-03,1.0,-0.8326002845629946,-0.8326002845629946
2025-01-06,3.0,0.21405833443402397,0.21405833443402397
2025-01-07,1.75,-0.44010330243911266,-0.44010330243911266
2025-01-08,3.5,0.47572298918327866,0.47572298918327866
2025-01-13,2.25,-0.178438647689858,-0.178438647689858
2025-01-16,1.75,-0.44010330243911266,-0.44010330243911266
2025-01-17,3.0040283203125,0.21616647252160343,0.21616647252160343
2025-01-21,2.0,-0.30927097506448537,-0.30927097506448537
2025-01-22,2.75,0.08322600705939665,0.08322600705939665
2025-01-23,1.5,-0.57093562981374,-0.57093562981374
2025-01-24,1.25,-0.7017679571883674,-0.7017679571883674
2025-01-27,1.75,-0.44010330243911266,-0.44010330243911266
2025-01-28,2.5,-0.04760632031523068,-0.04760632031523068
2025-01-29,3.25,0.3448906618086513,0.3448906618086513
2025-02-03,3.75,0.606555316557906,0.606555316557906
2025-02-04,1.75,-0.44010330243911266,-0.44010330243911266
2025-02-05,1.25,-0.7017679571883674,-0.7017679571883674
2025-02-10,2.0,-0.30927097506448537,-0.30927097506448537
2025-02-14,0.751953125,-0.9624104843800078,-0.9624104843800078
2025-02-18,2.0,-0.30927097506448537,-0.30927097506448537
2025-02-19,1.25,-0.7017679571883674,-0.7017679571883674
2025-02-20,0.75,-0.963432611937622,-0.963432611937622
2025-02-21,2.501953125,-0.046584192757616404,-0.046584192757616404
2025-02-24,1.5,-0.57093562981374,-0.57093562981374
2025-02-25,1.5,-0.57093562981374,-0.57093562981374
2025-02-26,2.5,-0.04760632031523068,-0.04760632031523068
2025-03-03,4.75,1.1298846260564153,1.1298846260564153
2025-03-04,7.0,2.3073755724280613,2.3073755724280613
2025-03-05,3.5,0.47572298918327866,0.47572298918327866
2025-03-10,3.25,0.3448906618086513,0.3448906618086513
2025-03-11,2.25,-0.178438647689858,-0.178438647689858
2025-03-14,1.5,-0.57093562981374,-0.57093562981374
2025-03-17,1.75,-0.44010330243911266,-0.44010330243911266
2025-03-18,1.75,-0.44010330243911266,-0.44010330243911266
2025-03-19,2.25,-0.178438647689858,-0.178438647689858
2025-03-20,1.75,-0.44010330243911266,-0.44010330243911266
2025-03-21,1.25,-0.7017679571883674,-0.7017679571883674
2025-03-24,1.75,-0.44010330243911266,-0.44010330243911266
2025-03-25,1.5,-0.57093562981374,-0.57093562981374
2025-03-26,2.5,-0.04760632031523068,-0.04760632031523068
2025-03-31,4.25,0.8682199713071607,0.8682199713071607
2025-04-01,2.0,-0.30927097506448537,-0.30927097506448537
2025-04-02,14.75,6.363177721041509,6.363177721041509
2025-04-03,3.75,0.606555316557906,0.606555316557906
2025-04-04,4.0,0.7373876439325333,0.7373876439325333
2025-04-07,10.0,3.8773635009235896,3.8773635009235896
2025-04-08,8.0,2.8307048819265708,2.8307048819265708
2025-04-09,11.5,4.662357465171353,4.662357465171353
2025-04-14,3.75,0.606555316557906,0.606555316557906
2025-04-15,2.75,0.08322600705939665,0.08322600705939665
2025-04-16,3.25,0.3448906618086513,0.3448906618086513
2025-04-17,1.25,-0.7017679571883674,-0.7017679571883674
2025-04-21,2.0,-0.30927097506448537,-0.30927097506448537
2025-04-22,2.0,-0.30927097506448537,-0.30927097506448537
2025-04-23,2.25,-0.178438647689858,-0.178438647689858
2025-04-24,1.75,-0.44010330243911266,-0.44010330243911266
2025-04-25,3.5,0.47572298918327866,0.47572298918327866
2025-04-28,1.5,-0.57093562981374,-0.57093562981374
2025-04-29,1.5,-0.57093562981374,-0.57093562981374
2025-05-01,3.25,0.3448906618086513,0.3448906618086513
2025-05-05,1.75,-0.44010330243911266,-0.44010330243911266
2025-05-06,1.75,-0.44010330243911266,-0.44010330243911266
2025-05-07,2.5,-0.04760632031523068,-0.04760632031523068
2025-05-08,2.75,0.08322600705939665,0.08322600705939665
2025-05-09,1.5059814453125,-0.5678053641685463,-0.5678053641685463
2025-05-12,2.5,-0.04760632031523068,-0.04760632031523068
2025-05-14,2.0,-0.30927097506448537,-0.30927097506448537
2025-05-16,7.25,2.438207899802689,2.438207899802689
2025-05-19,3.0,0.21405833443402397,0.21405833443402397
2025-05-20,1.75,-0.44010330243911266,-0.44010330243911266
2025-05-21,2.75,0.08322600705939665,0.08322600705939665
2025-05-22,3.0,0.21405833443402397,0.21405833443402397
2025-05-23,2.0,-0.30927097506448537,-0.30927097506448537
2025-05-27,3.0,0.21405833443402397,0.21405833443402397
2025-05-28,2.25,-0.178438647689858,-0.178438647689858
2025-06-02,2.25,-0.178438647689858,-0.178438647689858
2025-06-04,1.5,-0.57093562981374,-0.57093562981374
2025-06-05,1.25,-0.7017679571883674,-0.7017679571883674
2025-06-09,2.0,-0.30927097506448537,-0.30927097506448537
2025-06-10,1.25,-0.7017679571883674,-0.7017679571883674
2025-06-13,2.7559814453125,0.08635627270459037,0.08635627270459037
2025-06-16,1.25,-0.7017679571883674,-0.7017679571883674
2025-06-17,1.5,-0.57093562981374,-0.57093562981374
2025-06-18,3.25,0.3448906618086513,0.3448906618086513
2025-06-20,1.5,-0.57093562981374,-0.57093562981374
2025-06-23,2.0,-0.30927097506448537,-0.30927097506448537
2025-06-24,1.5,-0.57093562981374,-0.57093562981374
2025-06-25,1.75,-0.44010330243911266,-0.44010330243911266
2025-06-30,2.25,-0.178438647689858,-0.178438647689858
2025-07-01,2.0,-0.30927097506448537,-0.30927097506448537
2025-07-02,1.5,-0.57093562981374,-0.57093562981374
