Date,"Volatility of Returns (Session:US Open 7-10 ET, Interval:1h, Symbol:ZN)",ZScore wrt All Days,ZScore wrt Given Days
2022-12-20,6.75,0.5602590302221667,0.5602590302221667
2022-12-21,7.75,0.9174787641899821,0.9174787641899821
2022-12-27,7.0,0.6495639637141206,0.6495639637141206
2022-12-28,4.5,-0.24348537120541772,-0.24348537120541772
2022-12-29,4.5,-0.24348537120541772,-0.24348537120541772
2022-12-30,6.0,0.29234422974630525,0.29234422974630525
2023-01-03,5.5,0.11373436276239761,0.11373436276239761
2023-01-04,3.0,-0.7793149721571407,-0.7793149721571407
2023-01-05,2.0,-1.136534706124956,-1.136534706124956
2023-01-09,4.75,-0.15418043771346387,-0.15418043771346387
2023-01-10,4.25,-0.33279030469737153,-0.33279030469737153
2023-01-11,3.5,-0.6007051051732331,-0.6007051051732331
2023-01-13,6.5,0.47095409673021293,0.47095409673021293
2023-01-17,7.0,0.6495639637141206,0.6495639637141206
2023-01-19,6.5,0.47095409673021293,0.47095409673021293
2023-01-20,3.75,-0.5114001716812792,-0.5114001716812792
2023-01-23,6.25,0.3816491632382591,0.3816491632382591
2023-01-24,8.5,1.1853935646658436,1.1853935646658436
2023-01-25,4.25,-0.33279030469737153,-0.33279030469737153
2023-01-30,3.75,-0.5114001716812792,-0.5114001716812792
2023-01-31,6.75,0.5602590302221667,0.5602590302221667
2023-02-01,3.75,-0.5114001716812792,-0.5114001716812792
2023-02-02,10.5,1.8998330326014743,1.8998330326014743
2023-02-06,5.25,0.024429429270443774,0.024429429270443774
2023-02-07,4.5,-0.24348537120541772,-0.24348537120541772
2023-02-08,4.0,-0.4220952381893254,-0.4220952381893254
2023-02-09,3.5,-0.6007051051732331,-0.6007051051732331
2023-02-10,4.25,-0.33279030469737153,-0.33279030469737153
2023-02-13,4.0,-0.4220952381893254,-0.4220952381893254
2023-02-15,6.25,0.3816491632382591,0.3816491632382591
2023-02-17,2.75,-0.8686199056490945,-0.8686199056490945
2023-02-21,8.5,1.1853935646658436,1.1853935646658436
2023-02-22,5.5,0.11373436276239761,0.11373436276239761
2023-02-27,17.25,4.311066236884227,4.311066236884227
2023-02-28,13.5,2.97149223450492,2.97149223450492
2023-03-01,11.75,2.3463577000612434,2.3463577000612434
2023-03-02,15.25,3.596626768948597,3.596626768948597
2023-03-03,12.25,2.524967567045151,2.524967567045151
2023-03-06,12.0,2.4356626335531972,2.4356626335531972
2023-03-07,4.25,-0.33279030469737153,-0.33279030469737153
2023-03-08,9.25,1.4533083651417051,1.4533083651417051
2023-03-09,8.75,1.2746984981577973,1.2746984981577973
2023-03-13,24.5,6.900909308150889,6.900909308150889
2023-03-16,12.5,2.614272500537105,2.614272500537105
2023-03-17,10.75,1.989137966093428,1.989137966093428
2023-03-20,17.5,4.400371170376181,4.400371170376181
2023-03-21,7.75,0.9174787641899821,0.9174787641899821
2023-03-22,6.25,0.3816491632382591,0.3816491632382591
2023-03-23,7.25,0.7388688972060744,0.7388688972060744
2023-03-24,5.25,0.024429429270443774,0.024429429270443774
2023-03-27,6.75,0.5602590302221667,0.5602590302221667
2023-03-28,7.25,0.7388688972060744,0.7388688972060744
2023-03-29,9.0,1.3640034316497511,1.3640034316497511
2023-04-03,7.0,0.6495639637141206,0.6495639637141206
2023-04-04,4.5,-0.24348537120541772,-0.24348537120541772
2023-04-05,11.0,2.0784428995853816,2.0784428995853816
2023-04-06,8.5,1.1853935646658436,1.1853935646658436
2023-04-10,8.5,1.1853935646658436,1.1853935646658436
2023-04-11,5.5,0.11373436276239761,0.11373436276239761
2023-04-14,14.0,3.150102101488828,3.150102101488828
2023-04-17,4.25,-0.33279030469737153,-0.33279030469737153
2023-04-18,4.75,-0.15418043771346387,-0.15418043771346387
2023-04-19,3.5,-0.6007051051732331,-0.6007051051732331
2023-04-20,6.0,0.29234422974630525,0.29234422974630525
2023-04-21,8.25,1.0960886311738898,1.0960886311738898
2023-04-24,3.0,-0.7793149721571407,-0.7793149721571407
2023-04-25,5.0,-0.06487550422151006,-0.06487550422151006
2023-04-26,8.5,1.1853935646658436,1.1853935646658436
2023-05-01,5.75,0.20303929625435144,0.20303929625435144
2023-05-02,5.0,-0.06487550422151006,-0.06487550422151006
2023-05-03,4.0,-0.4220952381893254,-0.4220952381893254
2023-05-04,8.75,1.2746984981577973,1.2746984981577973
2023-05-08,6.25,0.3816491632382591,0.3816491632382591
2023-05-09,4.75,-0.15418043771346387,-0.15418043771346387
2023-05-12,4.25,-0.33279030469737153,-0.33279030469737153
2023-05-15,5.25,0.024429429270443774,0.024429429270443774
2023-05-16,2.25,-1.0472297726330022,-1.0472297726330022
2023-05-17,5.0,-0.06487550422151006,-0.06487550422151006
2023-05-18,6.25,0.3816491632382591,0.3816491632382591
2023-05-19,6.0,0.29234422974630525,0.29234422974630525
2023-05-22,6.0,0.29234422974630525,0.29234422974630525
2023-05-23,2.25,-1.0472297726330022,-1.0472297726330022
2023-05-24,3.75,-0.5114001716812792,-0.5114001716812792
2023-05-30,19.75,5.204115571803766,5.204115571803766
2023-05-31,4.25,-0.33279030469737153,-0.33279030469737153
2023-06-01,10.0,1.7212231656175665,1.7212231656175665
2023-06-05,3.0,-0.7793149721571407,-0.7793149721571407
2023-06-06,8.5,1.1853935646658436,1.1853935646658436
2023-06-07,4.5,-0.24348537120541772,-0.24348537120541772
2023-06-08,10.75,1.989137966093428,1.989137966093428
2023-06-09,8.25,1.0960886311738898,1.0960886311738898
2023-06-12,8.75,1.2746984981577973,1.2746984981577973
2023-06-15,10.25,1.8105280991095203,1.8105280991095203
2023-06-16,7.25,0.7388688972060744,0.7388688972060744
2023-06-20,6.5,0.47095409673021293,0.47095409673021293
2023-06-21,5.5,0.11373436276239761,0.11373436276239761
2023-06-22,9.75,1.6319182321256127,1.6319182321256127
2023-06-23,6.5,0.47095409673021293,0.47095409673021293
2023-06-26,6.75,0.5602590302221667,0.5602590302221667
2023-06-27,5.5,0.11373436276239761,0.11373436276239761
2023-06-28,2.75,-0.8686199056490945,-0.8686199056490945
2023-07-05,4.5,-0.24348537120541772,-0.24348537120541772
2023-07-06,2.0,-1.136534706124956,-1.136534706124956
2023-07-10,6.5,0.47095409673021293,0.47095409673021293
2023-07-11,3.5,-0.6007051051732331,-0.6007051051732331
2023-07-14,5.0,-0.06487550422151006,-0.06487550422151006
2023-07-17,8.0,1.006783697681936,1.006783697681936
2023-07-18,7.25,0.7388688972060744,0.7388688972060744
2023-07-19,5.5,0.11373436276239761,0.11373436276239761
2023-07-20,5.5,0.11373436276239761,0.11373436276239761
2023-07-21,5.0,-0.06487550422151006,-0.06487550422151006
2023-07-24,5.5,0.11373436276239761,0.11373436276239761
2023-07-25,4.75,-0.15418043771346387,-0.15418043771346387
2023-07-26,4.5,-0.24348537120541772,-0.24348537120541772
2023-07-31,4.75,-0.15418043771346387,-0.15418043771346387
2023-08-01,7.5,0.8281738306980282,0.8281738306980282
2023-08-02,8.5,1.1853935646658436,1.1853935646658436
2023-08-03,7.75,0.9174787641899821,0.9174787641899821
2023-08-07,6.25,0.3816491632382591,0.3816491632382591
2023-08-08,4.25,-0.33279030469737153,-0.33279030469737153
2023-08-09,4.75,-0.15418043771346387,-0.15418043771346387
2023-08-14,8.75,1.2746984981577973,1.2746984981577973
2023-08-15,12.25,2.524967567045151,2.524967567045151
2023-08-16,5.25,0.024429429270443774,0.024429429270443774
2023-08-17,4.5,-0.24348537120541772,-0.24348537120541772
2023-08-18,6.5,0.47095409673021293,0.47095409673021293
2023-08-21,5.0,-0.06487550422151006,-0.06487550422151006
2023-08-22,6.25,0.3816491632382591,0.3816491632382591
2023-08-23,10.0,1.7212231656175665,1.7212231656175665
2023-08-24,4.5,-0.24348537120541772,-0.24348537120541772
2023-08-25,2.75,-0.8686199056490945,-0.8686199056490945
2023-08-28,6.0,0.29234422974630525,0.29234422974630525
2023-08-29,4.25,-0.33279030469737153,-0.33279030469737153
2023-09-05,10.0,1.7212231656175665,1.7212231656175665
2023-09-06,8.75,1.2746984981577973,1.2746984981577973
2023-09-07,9.5,1.542613298633659,1.542613298633659
2023-09-08,9.75,1.6319182321256127,1.6319182321256127
2023-09-11,9.0,1.3640034316497511,1.3640034316497511
2023-09-12,8.75,1.2746984981577973,1.2746984981577973
2023-09-15,3.25,-0.6900100386651868,-0.6900100386651868
2023-09-18,7.25,0.7388688972060744,0.7388688972060744
2023-09-19,5.75,0.20303929625435144,0.20303929625435144
2023-09-20,4.0,-0.4220952381893254,-0.4220952381893254
2023-09-21,7.5,0.8281738306980282,0.8281738306980282
2023-09-22,3.25,-0.6900100386651868,-0.6900100386651868
2023-09-25,4.25,-0.33279030469737153,-0.33279030469737153
2023-09-26,4.5,-0.24348537120541772,-0.24348537120541772
2023-09-27,4.5,-0.24348537120541772,-0.24348537120541772
2023-10-02,3.0,-0.7793149721571407,-0.7793149721571407
2023-10-03,6.0,0.29234422974630525,0.29234422974630525
2023-10-04,9.0,1.3640034316497511,1.3640034316497511
2023-10-05,6.75,0.5602590302221667,0.5602590302221667
2023-10-09,6.75,0.5602590302221667,0.5602590302221667
2023-10-10,4.0,-0.4220952381893254,-0.4220952381893254
2023-10-13,4.25,-0.33279030469737153,-0.33279030469737153
2023-10-16,6.0,0.29234422974630525,0.29234422974630525
2023-10-17,1.5,-1.3151445731088636,-1.3151445731088636
2023-10-18,7.0,0.6495639637141206,0.6495639637141206
2023-10-19,6.25,0.3816491632382591,0.3816491632382591
2023-10-20,5.5,0.11373436276239761,0.11373436276239761
2023-10-23,7.25,0.7388688972060744,0.7388688972060744
2023-10-24,5.5,0.11373436276239761,0.11373436276239761
2023-10-25,4.75,-0.15418043771346387,-0.15418043771346387
2023-10-30,4.0,-0.4220952381893254,-0.4220952381893254
2023-10-31,8.25,1.0960886311738898,1.0960886311738898
2023-11-01,7.0,0.6495639637141206,0.6495639637141206
2023-11-02,9.0,1.3640034316497511,1.3640034316497511
2023-11-06,6.5,0.47095409673021293,0.47095409673021293
2023-11-07,4.0,-0.4220952381893254,-0.4220952381893254
2023-11-08,4.0,-0.4220952381893254,-0.4220952381893254
2023-11-09,4.25,-0.33279030469737153,-0.33279030469737153
2023-11-10,5.0,-0.06487550422151006,-0.06487550422151006
2023-11-13,5.75,0.20303929625435144,0.20303929625435144
2023-11-17,6.0,0.29234422974630525,0.29234422974630525
2023-11-20,4.25,-0.33279030469737153,-0.33279030469737153
2023-11-21,4.5,-0.24348537120541772,-0.24348537120541772
2023-11-22,5.25,0.024429429270443774,0.024429429270443774
2023-11-23,3.5,-0.6007051051732331,-0.6007051051732331
2023-11-27,4.25,-0.33279030469737153,-0.33279030469737153
2023-11-28,5.0,-0.06487550422151006,-0.06487550422151006
2023-12-01,4.0,-0.4220952381893254,-0.4220952381893254
2023-12-04,3.75,-0.5114001716812792,-0.5114001716812792
2023-12-05,4.0,-0.4220952381893254,-0.4220952381893254
2023-12-06,7.25,0.7388688972060744,0.7388688972060744
2023-12-07,6.25,0.3816491632382591,0.3816491632382591
2023-12-11,3.0,-0.7793149721571407,-0.7793149721571407
2023-12-14,7.0,0.6495639637141206,0.6495639637141206
2023-12-15,10.0,1.7212231656175665,1.7212231656175665
2023-12-18,6.5,0.47095409673021293,0.47095409673021293
2023-12-19,4.25,-0.33279030469737153,-0.33279030469737153
2023-12-20,3.0,-0.7793149721571407,-0.7793149721571407
2023-12-26,2.0,-1.136534706124956,-1.136534706124956
2023-12-27,3.5,-0.6007051051732331,-0.6007051051732331
2023-12-28,3.25,-0.6900100386651868,-0.6900100386651868
2023-12-29,3.5,-0.6007051051732331,-0.6007051051732331
2024-01-02,5.75,0.20303929625435144,0.20303929625435144
2024-01-03,5.0,-0.06487550422151006,-0.06487550422151006
2024-01-04,5.25,0.024429429270443774,0.024429429270443774
2024-01-08,6.75,0.5602590302221667,0.5602590302221667
2024-01-09,5.25,0.024429429270443774,0.024429429270443774
2024-01-10,2.25,-1.0472297726330022,-1.0472297726330022
2024-01-16,4.75,-0.15418043771346387,-0.15418043771346387
2024-01-17,7.75,0.9174787641899821,0.9174787641899821
2024-01-18,5.5,0.11373436276239761,0.11373436276239761
2024-01-19,6.0,0.29234422974630525,0.29234422974630525
2024-01-22,3.25,-0.6900100386651868,-0.6900100386651868
2024-01-23,2.75,-0.8686199056490945,-0.8686199056490945
2024-01-24,5.25,0.024429429270443774,0.024429429270443774
2024-01-29,2.25,-1.0472297726330022,-1.0472297726330022
2024-01-30,4.0,-0.4220952381893254,-0.4220952381893254
2024-01-31,11.0,2.0784428995853816,2.0784428995853816
2024-02-01,8.25,1.0960886311738898,1.0960886311738898
2024-02-05,4.25,-0.33279030469737153,-0.33279030469737153
2024-02-06,5.0,-0.06487550422151006,-0.06487550422151006
2024-02-07,7.75,0.9174787641899821,0.9174787641899821
2024-02-08,2.75,-0.8686199056490945,-0.8686199056490945
2024-02-12,2.75,-0.8686199056490945,-0.8686199056490945
2024-02-15,5.5,0.11373436276239761,0.11373436276239761
2024-02-20,3.5,-0.6007051051732331,-0.6007051051732331
2024-02-21,2.75,-0.8686199056490945,-0.8686199056490945
2024-02-22,7.0,0.6495639637141206,0.6495639637141206
2024-02-23,4.5,-0.24348537120541772,-0.24348537120541772
2024-02-26,3.75,-0.5114001716812792,-0.5114001716812792
2024-02-27,4.0,-0.4220952381893254,-0.4220952381893254
2024-03-01,15.75,3.7752366359325045,3.7752366359325045
2024-03-04,4.0,-0.4220952381893254,-0.4220952381893254
2024-03-05,4.5,-0.24348537120541772,-0.24348537120541772
2024-03-06,7.0,0.6495639637141206,0.6495639637141206
2024-03-07,6.25,0.3816491632382591,0.3816491632382591
2024-03-11,2.5,-0.9579248391410483,-0.9579248391410483
2024-03-13,3.25,-0.6900100386651868,-0.6900100386651868
2024-03-15,4.75,-0.15418043771346387,-0.15418043771346387
2024-03-18,3.5,-0.6007051051732331,-0.6007051051732331
2024-03-19,4.75,-0.15418043771346387,-0.15418043771346387
2024-03-20,2.25,-1.0472297726330022,-1.0472297726330022
2024-03-21,7.75,0.9174787641899821,0.9174787641899821
2024-03-22,4.75,-0.15418043771346387,-0.15418043771346387
2024-03-25,2.75,-0.8686199056490945,-0.8686199056490945
2024-03-26,4.5,-0.24348537120541772,-0.24348537120541772
2024-03-27,2.0,-1.136534706124956,-1.136534706124956
2024-04-01,8.75,1.2746984981577973,1.2746984981577973
2024-04-02,5.75,0.20303929625435144,0.20303929625435144
2024-04-03,7.25,0.7388688972060744,0.7388688972060744
2024-04-04,6.5,0.47095409673021293,0.47095409673021293
2024-04-08,5.5,0.11373436276239761,0.11373436276239761
2024-04-09,3.25,-0.6900100386651868,-0.6900100386651868
2024-04-12,5.75,0.20303929625435144,0.20303929625435144
2024-04-15,8.0,1.006783697681936,1.006783697681936
2024-04-16,4.25,-0.33279030469737153,-0.33279030469737153
2024-04-17,5.5,0.11373436276239761,0.11373436276239761
2024-04-18,5.0,-0.06487550422151006,-0.06487550422151006
2024-04-19,5.75,0.20303929625435144,0.20303929625435144
2024-04-22,3.5,-0.6007051051732331,-0.6007051051732331
2024-04-23,8.75,1.2746984981577973,1.2746984981577973
2024-04-24,3.25,-0.6900100386651868,-0.6900100386651868
2024-04-29,3.25,-0.6900100386651868,-0.6900100386651868
2024-04-30,7.0,0.6495639637141206,0.6495639637141206
2024-05-01,5.25,0.024429429270443774,0.024429429270443774
2024-05-02,5.75,0.20303929625435144,0.20303929625435144
2024-05-06,4.0,-0.4220952381893254,-0.4220952381893254
2024-05-07,4.75,-0.15418043771346387,-0.15418043771346387
2024-05-08,2.0,-1.136534706124956,-1.136534706124956
2024-05-09,5.25,0.024429429270443774,0.024429429270443774
2024-05-10,3.75,-0.5114001716812792,-0.5114001716812792
2024-05-13,2.25,-1.0472297726330022,-1.0472297726330022
2024-05-16,4.5,-0.24348537120541772,-0.24348537120541772
2024-05-17,2.0,-1.136534706124956,-1.136534706124956
2024-05-20,4.75,-0.15418043771346387,-0.15418043771346387
2024-05-21,2.25,-1.0472297726330022,-1.0472297726330022
2024-05-22,3.5,-0.6007051051732331,-0.6007051051732331
2024-05-23,8.25,1.0960886311738898,1.0960886311738898
2024-05-24,3.75,-0.5114001716812792,-0.5114001716812792
2024-05-28,3.0,-0.7793149721571407,-0.7793149721571407
2024-05-29,4.5,-0.24348537120541772,-0.24348537120541772
2024-06-03,2.25,-1.0472297726330022,-1.0472297726330022
2024-06-04,5.0,-0.06487550422151006,-0.06487550422151006
2024-06-05,7.0,0.6495639637141206,0.6495639637141206
2024-06-06,4.25,-0.33279030469737153,-0.33279030469737153
2024-06-10,2.75,-0.8686199056490945,-0.8686199056490945
2024-06-11,3.5,-0.6007051051732331,-0.6007051051732331
2024-06-14,5.5,0.11373436276239761,0.11373436276239761
2024-06-17,6.25,0.3816491632382591,0.3816491632382591
2024-06-18,7.25,0.7388688972060744,0.7388688972060744
2024-06-20,7.25,0.7388688972060744,0.7388688972060744
2024-06-21,4.75,-0.15418043771346387,-0.15418043771346387
2024-06-24,2.75,-0.8686199056490945,-0.8686199056490945
2024-06-25,5.0,-0.06487550422151006,-0.06487550422151006
2024-06-26,3.25,-0.6900100386651868,-0.6900100386651868
2024-07-01,5.5,0.11373436276239761,0.11373436276239761
2024-07-02,3.5,-0.6007051051732331,-0.6007051051732331
2024-07-08,4.25,-0.33279030469737153,-0.33279030469737153
2024-07-09,1.75,-1.2258396396169098,-1.2258396396169098
2024-07-10,2.75,-0.8686199056490945,-0.8686199056490945
2024-07-15,4.25,-0.33279030469737153,-0.33279030469737153
2024-07-16,6.0,0.29234422974630525,0.29234422974630525
2024-07-17,2.25,-1.0472297726330022,-1.0472297726330022
2024-07-18,3.25,-0.6900100386651868,-0.6900100386651868
2024-07-19,5.0,-0.06487550422151006,-0.06487550422151006
2024-07-22,2.0,-1.136534706124956,-1.136534706124956
2024-07-23,2.5,-0.9579248391410483,-0.9579248391410483
2024-07-24,3.75,-0.5114001716812792,-0.5114001716812792
2024-07-29,3.25,-0.6900100386651868,-0.6900100386651868
2024-07-30,3.5,-0.6007051051732331,-0.6007051051732331
2024-07-31,4.75,-0.15418043771346387,-0.15418043771346387
2024-08-01,8.0,1.006783697681936,1.006783697681936
2024-08-05,9.75,1.6319182321256127,1.6319182321256127
2024-08-06,7.5,0.8281738306980282,0.8281738306980282
2024-08-07,3.0,-0.7793149721571407,-0.7793149721571407
2024-08-08,12.0,2.4356626335531972,2.4356626335531972
2024-08-09,3.75,-0.5114001716812792,-0.5114001716812792
2024-08-12,4.5,-0.24348537120541772,-0.24348537120541772
2024-08-15,13.5,2.97149223450492,2.97149223450492
2024-08-16,4.25,-0.33279030469737153,-0.33279030469737153
2024-08-19,3.0,-0.7793149721571407,-0.7793149721571407
2024-08-20,5.25,0.024429429270443774,0.024429429270443774
2024-08-22,5.5,0.11373436276239761,0.11373436276239761
2024-08-23,3.25,-0.6900100386651868,-0.6900100386651868
2024-08-26,5.5,0.11373436276239761,0.11373436276239761
2024-08-27,2.0,-1.136534706124956,-1.136534706124956
2024-08-28,12.75,2.7035774340290586,2.7035774340290586
2024-09-03,10.25,1.8105280991095203,1.8105280991095203
2024-09-04,12.25,2.524967567045151,2.524967567045151
2024-09-05,6.5,0.47095409673021293,0.47095409673021293
2024-09-09,10.5,1.8998330326014743,1.8998330326014743
2024-09-10,4.25,-0.33279030469737153,-0.33279030469737153
2024-09-13,10.25,1.8105280991095203,1.8105280991095203
2024-09-16,10.25,1.8105280991095203,1.8105280991095203
2024-09-17,5.25,0.024429429270443774,0.024429429270443774
2024-09-18,3.0,-0.7793149721571407,-0.7793149721571407
2024-09-19,8.5,1.1853935646658436,1.1853935646658436
2024-09-20,4.25,-0.33279030469737153,-0.33279030469737153
2024-09-23,5.75,0.20303929625435144,0.20303929625435144
2024-09-24,3.5,-0.6007051051732331,-0.6007051051732331
2024-09-25,2.75,-0.8686199056490945,-0.8686199056490945
2024-09-30,4.0,-0.4220952381893254,-0.4220952381893254
2024-10-01,6.0,0.29234422974630525,0.29234422974630525
2024-10-02,1.5,-1.3151445731088636,-1.3151445731088636
2024-10-03,3.25,-0.6900100386651868,-0.6900100386651868
2024-10-07,4.0,-0.4220952381893254,-0.4220952381893254
2024-10-08,3.75,-0.5114001716812792,-0.5114001716812792
2024-10-09,3.0,-0.7793149721571407,-0.7793149721571407
2024-10-14,2.75,-0.8686199056490945,-0.8686199056490945
2024-10-15,4.5,-0.24348537120541772,-0.24348537120541772
2024-10-16,3.25,-0.6900100386651868,-0.6900100386651868
2024-10-17,6.25,0.3816491632382591,0.3816491632382591
2024-10-18,4.25,-0.33279030469737153,-0.33279030469737153
2024-10-21,2.25,-1.0472297726330022,-1.0472297726330022
2024-10-22,5.25,0.024429429270443774,0.024429429270443774
2024-10-23,3.25,-0.6900100386651868,-0.6900100386651868
2024-10-24,6.0,0.29234422974630525,0.29234422974630525
2024-10-25,3.75,-0.5114001716812792,-0.5114001716812792
2024-10-28,3.5,-0.6007051051732331,-0.6007051051732331
2024-10-29,5.25,0.024429429270443774,0.024429429270443774
2024-11-04,3.0,-0.7793149721571407,-0.7793149721571407
2024-11-05,3.5,-0.6007051051732331,-0.6007051051732331
2024-11-06,6.25,0.3816491632382591,0.3816491632382591
2024-11-07,10.0,1.7212231656175665,1.7212231656175665
2024-11-08,4.0,-0.4220952381893254,-0.4220952381893254
2024-11-11,3.25,-0.6900100386651868,-0.6900100386651868
2024-11-12,4.0,-0.4220952381893254,-0.4220952381893254
2024-11-15,5.75,0.20303929625435144,0.20303929625435144
2024-11-18,5.25,0.024429429270443774,0.024429429270443774
2024-11-19,5.0,-0.06487550422151006,-0.06487550422151006
2024-11-20,3.25,-0.6900100386651868,-0.6900100386651868
2024-11-21,4.5,-0.24348537120541772,-0.24348537120541772
2024-11-22,5.0,-0.06487550422151006,-0.06487550422151006
2024-11-25,9.5,1.542613298633659,1.542613298633659
2024-11-26,3.75,-0.5114001716812792,-0.5114001716812792
2024-11-29,3.5,-0.6007051051732331,-0.6007051051732331
2024-12-02,8.5,1.1853935646658436,1.1853935646658436
2024-12-03,7.75,0.9174787641899821,0.9174787641899821
2024-12-04,4.5,-0.24348537120541772,-0.24348537120541772
2024-12-05,5.75,0.20303929625435144,0.20303929625435144
2024-12-09,4.0,-0.4220952381893254,-0.4220952381893254
2024-12-10,3.75,-0.5114001716812792,-0.5114001716812792
2024-12-13,3.0,-0.7793149721571407,-0.7793149721571407
2024-12-16,4.0,-0.4220952381893254,-0.4220952381893254
2024-12-17,3.75,-0.5114001716812792,-0.5114001716812792
2024-12-18,5.5,0.11373436276239761,0.11373436276239761
2024-12-23,3.25,-0.6900100386651868,-0.6900100386651868
2024-12-24,1.0,-1.4937544400927714,-1.4937544400927714
2024-12-26,2.0,-1.136534706124956,-1.136534706124956
2024-12-27,2.75,-0.8686199056490945,-0.8686199056490945
2024-12-30,5.5,0.11373436276239761,0.11373436276239761
2024-12-31,3.0,-0.7793149721571407,-0.7793149721571407
2025-01-02,4.25,-0.33279030469737153,-0.33279030469737153
2025-01-03,3.0,-0.7793149721571407,-0.7793149721571407
2025-01-06,4.0,-0.4220952381893254,-0.4220952381893254
2025-01-07,2.25,-1.0472297726330022,-1.0472297726330022
2025-01-08,3.25,-0.6900100386651868,-0.6900100386651868
2025-01-09,2.75,-0.8686199056490945,-0.8686199056490945
2025-01-13,4.0,-0.4220952381893254,-0.4220952381893254
2025-01-16,5.0,-0.06487550422151006,-0.06487550422151006
2025-01-17,2.25,-1.0472297726330022,-1.0472297726330022
2025-01-20,8.0,1.006783697681936,1.006783697681936
2025-01-21,3.5,-0.6007051051732331,-0.6007051051732331
2025-01-22,3.0,-0.7793149721571407,-0.7793149721571407
2025-01-23,4.75,-0.15418043771346387,-0.15418043771346387
2025-01-24,3.5,-0.6007051051732331,-0.6007051051732331
2025-01-27,6.0,0.29234422974630525,0.29234422974630525
2025-01-28,3.25,-0.6900100386651868,-0.6900100386651868
2025-01-29,2.75,-0.8686199056490945,-0.8686199056490945
2025-02-03,5.0,-0.06487550422151006,-0.06487550422151006
2025-02-04,4.5,-0.24348537120541772,-0.24348537120541772
2025-02-05,3.0,-0.7793149721571407,-0.7793149721571407
2025-02-06,4.25,-0.33279030469737153,-0.33279030469737153
2025-02-10,3.75,-0.5114001716812792,-0.5114001716812792
2025-02-11,2.25,-1.0472297726330022,-1.0472297726330022
2025-02-14,8.0,1.006783697681936,1.006783697681936
2025-02-17,1.25,-1.4044495066008176,-1.4044495066008176
2025-02-18,1.75,-1.2258396396169098,-1.2258396396169098
2025-02-19,2.75,-0.8686199056490945,-0.8686199056490945
2025-02-20,3.5,-0.6007051051732331,-0.6007051051732331
2025-02-21,5.0,-0.06487550422151006,-0.06487550422151006
2025-02-24,5.0,-0.06487550422151006,-0.06487550422151006
2025-02-25,5.0,-0.06487550422151006,-0.06487550422151006
2025-02-26,3.0,-0.7793149721571407,-0.7793149721571407
2025-03-03,4.0,-0.4220952381893254,-0.4220952381893254
2025-03-04,4.5,-0.24348537120541772,-0.24348537120541772
2025-03-05,7.25,0.7388688972060744,0.7388688972060744
2025-03-06,6.5,0.47095409673021293,0.47095409673021293
2025-03-10,4.0,-0.4220952381893254,-0.4220952381893254
2025-03-11,4.0,-0.4220952381893254,-0.4220952381893254
2025-03-14,3.25,-0.6900100386651868,-0.6900100386651868
2025-03-17,6.75,0.5602590302221667,0.5602590302221667
2025-03-18,3.5,-0.6007051051732331,-0.6007051051732331
2025-03-19,4.5,-0.24348537120541772,-0.24348537120541772
2025-03-20,4.25,-0.33279030469737153,-0.33279030469737153
2025-03-21,2.5,-0.9579248391410483,-0.9579248391410483
2025-03-24,3.75,-0.5114001716812792,-0.5114001716812792
2025-03-25,4.5,-0.24348537120541772,-0.24348537120541772
2025-03-26,2.5,-0.9579248391410483,-0.9579248391410483
2025-03-31,4.0,-0.4220952381893254,-0.4220952381893254
2025-04-01,5.0,-0.06487550422151006,-0.06487550422151006
2025-04-02,4.25,-0.33279030469737153,-0.33279030469737153
2025-04-03,10.5,1.8998330326014743,1.8998330326014743
2025-04-04,11.75,2.3463577000612434,2.3463577000612434
2025-04-07,10.75,1.989137966093428,1.989137966093428
2025-04-08,13.25,2.882187301012966,2.882187301012966
2025-04-09,13.75,3.060797167996874,3.060797167996874
2025-04-14,6.5,0.47095409673021293,0.47095409673021293
2025-04-15,6.75,0.5602590302221667,0.5602590302221667
2025-04-16,4.5,-0.24348537120541772,-0.24348537120541772
2025-04-17,4.5,-0.24348537120541772,-0.24348537120541772
2025-04-21,6.25,0.3816491632382591,0.3816491632382591
2025-04-22,5.0,-0.06487550422151006,-0.06487550422151006
2025-04-23,3.5,-0.6007051051732331,-0.6007051051732331
2025-04-24,5.0,-0.06487550422151006,-0.06487550422151006
2025-04-25,2.75,-0.8686199056490945,-0.8686199056490945
2025-04-28,3.25,-0.6900100386651868,-0.6900100386651868
2025-04-29,6.75,0.5602590302221667,0.5602590302221667
2025-05-01,3.75,-0.5114001716812792,-0.5114001716812792
2025-05-05,4.5,-0.24348537120541772,-0.24348537120541772
2025-05-06,3.25,-0.6900100386651868,-0.6900100386651868
2025-05-07,4.75,-0.15418043771346387,-0.15418043771346387
2025-05-08,4.25,-0.33279030469737153,-0.33279030469737153
2025-05-12,4.25,-0.33279030469737153,-0.33279030469737153
2025-05-14,4.25,-0.33279030469737153,-0.33279030469737153
2025-05-16,2.75,-0.8686199056490945,-0.8686199056490945
2025-05-19,2.25,-1.0472297726330022,-1.0472297726330022
2025-05-20,3.75,-0.5114001716812792,-0.5114001716812792
2025-05-21,2.25,-1.0472297726330022,-1.0472297726330022
2025-05-22,4.75,-0.15418043771346387,-0.15418043771346387
2025-05-23,9.75,1.6319182321256127,1.6319182321256127
2025-05-26,2.5,-0.9579248391410483,-0.9579248391410483
2025-05-27,2.5,-0.9579248391410483,-0.9579248391410483
2025-05-28,5.5,0.11373436276239761,0.11373436276239761
2025-06-02,2.5,-0.9579248391410483,-0.9579248391410483
2025-06-03,3.25,-0.6900100386651868,-0.6900100386651868
2025-06-04,1.75,-1.2258396396169098,-1.2258396396169098
2025-06-05,6.5,0.47095409673021293,0.47095409673021293
2025-06-09,3.0,-0.7793149721571407,-0.7793149721571407
2025-06-10,2.0,-1.136534706124956,-1.136534706124956
2025-06-13,6.0,0.29234422974630525,0.29234422974630525
2025-06-16,4.75,-0.15418043771346387,-0.15418043771346387
2025-06-17,6.0,0.29234422974630525,0.29234422974630525
2025-06-18,3.25,-0.6900100386651868,-0.6900100386651868
2025-06-19,4.75,-0.15418043771346387,-0.15418043771346387
2025-06-20,3.75,-0.5114001716812792,-0.5114001716812792
2025-06-23,7.0,0.6495639637141206,0.6495639637141206
2025-06-24,3.5,-0.6007051051732331,-0.6007051051732331
2025-06-25,4.75,-0.15418043771346387,-0.15418043771346387
2025-06-30,3.0,-0.7793149721571407,-0.7793149721571407
2025-07-01,4.5,-0.24348537120541772,-0.24348537120541772
2025-07-02,2.25,-1.0472297726330022,-1.0472297726330022
2025-07-04,1.5,-1.3151445731088636,-1.3151445731088636
2025-07-07,2.75,-0.8686199056490945,-0.8686199056490945
2025-07-08,3.0,-0.7793149721571407,-0.7793149721571407
2025-07-09,5.25,0.024429429270443774,0.024429429270443774
2025-07-10,3.25,-0.6900100386651868,-0.6900100386651868
2025-07-11,2.75,-0.8686199056490945,-0.8686199056490945
2025-07-14,4.25,-0.33279030469737153,-0.33279030469737153
2025-07-17,7.75,0.9174787641899821,0.9174787641899821
2025-07-18,3.0,-0.7793149721571407,-0.7793149721571407
2025-07-21,2.5,-0.9579248391410483,-0.9579248391410483
2025-07-22,2.0,-1.136534706124956,-1.136534706124956
2025-07-23,3.0,-0.7793149721571407,-0.7793149721571407
2025-07-24,4.75,-0.15418043771346387,-0.15418043771346387
2025-07-25,2.5,-0.9579248391410483,-0.9579248391410483
2025-07-28,3.0,-0.7793149721571407,-0.7793149721571407
2025-07-29,3.25,-0.6900100386651868,-0.6900100386651868
2025-08-04,4.25,-0.33279030469737153,-0.33279030469737153
2025-08-05,2.5,-0.9579248391410483,-0.9579248391410483
2025-08-06,2.0,-1.136534706124956,-1.136534706124956
2025-08-07,3.0,-0.7793149721571407,-0.7793149721571407
2025-08-08,4.0,-0.4220952381893254,-0.4220952381893254
2025-08-11,2.75,-0.8686199056490945,-0.8686199056490945
2025-08-13,1.5,-1.3151445731088636,-1.3151445731088636
2025-08-15,3.25,-0.6900100386651868,-0.6900100386651868
2025-08-18,3.75,-0.5114001716812792,-0.5114001716812792
2025-08-19,2.75,-0.8686199056490945,-0.8686199056490945
2025-08-20,2.75,-0.8686199056490945,-0.8686199056490945
2025-08-21,3.75,-0.5114001716812792,-0.5114001716812792
2025-08-22,4.0,-0.4220952381893254,-0.4220952381893254
2025-08-25,2.5,-0.9579248391410483,-0.9579248391410483
2025-08-26,2.25,-1.0472297726330022,-1.0472297726330022
2025-08-27,2.75,-0.8686199056490945,-0.8686199056490945
2025-09-02,4.0,-0.4220952381893254,-0.4220952381893254
2025-09-03,2.5,-0.9579248391410483,-0.9579248391410483
2025-09-04,2.5,-0.9579248391410483,-0.9579248391410483
2025-09-08,4.0,-0.4220952381893254,-0.4220952381893254
2025-09-12,3.75,-0.5114001716812792,-0.5114001716812792
2025-09-15,5.0,-0.06487550422151006,-0.06487550422151006
2025-09-16,3.25,-0.6900100386651868,-0.6900100386651868
2025-09-17,2.5,-0.9579248391410483,-0.9579248391410483
2025-09-18,10.0,1.7212231656175665,1.7212231656175665
2025-09-19,3.75,-0.5114001716812792,-0.5114001716812792
2025-09-22,2.0,-1.136534706124956,-1.136534706124956
2025-09-23,2.0,-1.136534706124956,-1.136534706124956
2025-09-24,3.25,-0.6900100386651868,-0.6900100386651868
2025-09-29,2.75,-0.8686199056490945,-0.8686199056490945
2025-09-30,3.0,-0.7793149721571407,-0.7793149721571407
2025-10-01,7.25,0.7388688972060744,0.7388688972060744
2025-10-02,4.25,-0.33279030469737153,-0.33279030469737153
2025-10-06,2.25,-1.0472297726330022,-1.0472297726330022
2025-10-07,3.25,-0.6900100386651868,-0.6900100386651868
2025-10-08,1.25,-1.4044495066008176,-1.4044495066008176
2025-10-09,2.5,-0.9579248391410483,-0.9579248391410483
2025-10-10,2.5,-0.9579248391410483,-0.9579248391410483
2025-10-13,2.25,-1.0472297726330022,-1.0472297726330022
2025-10-14,3.0,-0.7793149721571407,-0.7793149721571407
2025-10-17,5.5,0.11373436276239761,0.11373436276239761
2025-10-20,3.25,-0.6900100386651868,-0.6900100386651868
2025-10-21,2.0,-1.136534706124956,-1.136534706124956
2025-10-22,4.5,-0.24348537120541772,-0.24348537120541772
2025-10-23,2.25,-1.0472297726330022,-1.0472297726330022
2025-10-27,3.0,-0.7793149721571407,-0.7793149721571407
2025-10-28,4.25,-0.33279030469737153,-0.33279030469737153
2025-10-29,1.75,-1.2258396396169098,-1.2258396396169098
2025-11-03,3.25,-0.6900100386651868,-0.6900100386651868
2025-11-04,1.5,-1.3151445731088636,-1.3151445731088636
2025-11-05,5.75,0.20303929625435144,0.20303929625435144
